timestamp,latitude,longitude,altitude,speed,acceleration,bearing,snapped_latitude,snapped_longitude,road_name,road_type
2023-11-29 09:37:00,12.782368867,77.370789401,654.0925,,,,12.782376,77.370782,Bengaluru - Mysuru Road,service
2023-11-29 09:37:01,12.782272102,77.370710538,653.6785,13.744339132087546,,218.477602273116,12.782281,77.3707,Bengaluru - Mysuru Road,service
2023-11-29 09:37:02,12.782180117,77.370632882,653.4091,13.248774075173658,-0.4955650569138878,219.4647395567038,12.78219,77.370621,Bengaluru - Mysuru Road,service
2023-11-29 09:37:03,12.782083831,77.370541449,651.9892,14.592305288766278,1.3435312135926196,222.80171761689004,12.78209,77.370534,Bengaluru - Mysuru Road,service
2023-11-29 09:37:04,12.781975335,77.370448777,653.6572,15.701380672565652,1.1090753837993752,219.7937806991861,12.781982,77.37044,Bengaluru - Mysuru Road,service
2023-11-29 09:37:05,12.781860238,77.370354021,652.3854,16.412662861681852,0.7112821891161989,218.75992927247407,12.78187,77.370342,Bengaluru - Mysuru Road,service
2023-11-29 09:37:06,12.781740435,77.370258553,653.0067,16.87116614399372,0.4585032823118666,217.85179198584368,12.781755,77.370241,Bengaluru - Mysuru Road,service
2023-11-29 09:37:07,12.781617882,77.370157551,652.0389,17.48319755298063,0.6120314089869119,218.78979964152967,12.781636,77.370137,Bengaluru - Mysuru Road,service
2023-11-29 09:37:08,12.781512916,77.370059312,653.3579,15.802360410325347,-1.6808371426552815,222.38737735508903,12.781527,77.370042,Bengaluru - Mysuru Road,service
2023-11-29 09:37:09,12.781389842,77.369953508,652.8484,17.858401471877105,2.056041061551756,219.9756720611076,12.781405,77.369935,Bengaluru - Mysuru Road,service
2023-11-29 09:37:10,12.781258949,77.369841002,653.0996,18.99158457208974,1.1331831002126336,219.97071765490497,12.781275,77.369821,Bengaluru - Mysuru Road,service
2023-11-29 09:37:11,12.781129222,77.369710418,649.3097,20.21385151064156,1.2222669385518152,224.4698964210131,12.781138,77.369699,Bengaluru - Mysuru Road,service
2023-11-29 09:37:12,12.780991048,77.369578826,652.5798,20.968728775686497,0.7548772650449429,222.8849419861316,12.780998,77.369572,Bengaluru - Mysuru Road,service
2023-11-29 09:37:13,12.780852143,77.369438402,651.6309,21.689697504576205,0.7209687288897086,224.5928604554801,12.780857,77.369434,Bengaluru - Mysuru Road,service
2023-11-29 09:37:14,12.780714168,77.369289454,651.6787,22.27700169307245,0.5873041884962404,226.4729071085784,12.780727,77.369277,Bengaluru - Mysuru Road,service
2023-11-29 09:37:15,12.78058181,77.369129696,652.1382,22.731744879204907,0.4547431861324611,229.65083045033023,12.780596,77.369118,Bengaluru - Mysuru Road,service
2023-11-29 09:37:16,12.780453969,77.368960612,651.2165,23.20050720183891,0.4687623226340029,232.2140315731804,12.780463,77.368954,Bengaluru - Mysuru Road,service
2023-11-29 09:37:17,12.780321796,77.368793627,650.2438,23.321572016777782,0.121064814938876,230.9360489113388,12.78033,77.368787,Bengaluru - Mysuru Road,service
2023-11-29 09:37:18,12.78020039,77.368624075,651.4075,22.810012517867847,-0.5115594989099392,233.7127862316661,12.780205,77.368621,Bengaluru - Mysuru Road,service
2023-11-29 09:37:19,12.780078647,77.368446458,651.1098,23.542199354426845,0.7321868365589985,234.8990805841649,12.78009,77.368439,Bengaluru - Mysuru Road,service
2023-11-29 09:37:20,12.779968031,77.368266449,652.1153,23.072222607017167,-0.4699767474096781,237.7844707105297,12.779976,77.36826,Bengaluru - Mysuru Road,service
2023-11-29 09:37:21,12.779850552,77.368070345,650.681,24.95733261911161,1.8851100120944475,238.43834720347743,12.779865,77.368062,Bengaluru - Mysuru Road,service
2023-11-29 09:37:22,12.779745595,77.367878475,650.7546,23.856093388044822,-1.101239231066792,240.71122287116376,12.779762,77.367869,Bengaluru - Mysuru Road,service
2023-11-29 09:37:23,12.779640596,77.367683626,650.4579,24.14062421384812,0.2845308258032908,241.07665601090008,12.779658,77.367675,Bengaluru - Mysuru Road,service
2023-11-29 09:37:24,12.779568783,77.367493405,655.222,22.119309382163564,-2.021314831684549,248.83792508347383,12.779566,77.367495,Bengaluru - Mysuru Road,service
2023-11-29 09:37:25,12.779456062,77.367313183,651.6578,23.217322116909653,1.0980127347460886,237.3262047184228,12.779469,77.367306,Bengaluru - Mysuru Road,service
2023-11-29 09:37:26,12.779370675,77.367150335,651.696,20.04991307935964,-3.167409037550016,241.7351494226816,12.779385,77.367143,Bengaluru - Mysuru Road,service
2023-11-29 09:37:27,12.779280421,77.366998238,649.1671,19.306784917428608,-0.743128161931029,238.6807627316158,12.779304,77.366985,Bengaluru - Mysuru Road,service
2023-11-29 09:37:28,12.77921448,77.366849116,650.4688,17.75556001622385,-1.5512249012047583,245.60921426474408,12.779228,77.366841,Bengaluru - Mysuru Road,service
2023-11-29 09:37:29,12.779152109,77.366702749,648.666,17.321180814336117,-0.434379201887733,246.3970533112089,12.779155,77.366701,Bengaluru - Mysuru Road,service
2023-11-29 09:37:30,12.779087741,77.366571772,648.4019,15.904716461387364,-1.4164643529487524,243.2552307494244,12.779087,77.366573,Bengaluru - Mysuru Road,service
2023-11-29 09:37:31,12.779020222,77.366436619,648.0782,16.467158503098805,0.5624420417114404,242.8756230158245,12.779017,77.366439,Bengaluru - Mysuru Road,service
2023-11-29 09:37:32,12.7789557,77.366305686,645.992,15.908177797563464,-0.5589807055353422,243.1924324128392,12.778949,77.36631,Bengaluru - Mysuru Road,service
2023-11-29 09:37:33,12.77886878,77.366174158,651.2421,17.229229758979248,1.321051961415785,235.87718054963187,12.778875,77.36617,Bengaluru - Mysuru Road,service
2023-11-29 09:37:34,12.778777228,77.36602423,652.4583,19.182474239609046,1.9532444806297988,237.9473279163905,12.778794,77.366015,Bengaluru - Mysuru Road,service
2023-11-29 09:37:35,12.778698053,77.365860646,651.853,19.80369652257803,0.6212222829689829,243.6050627727113,12.778709,77.365855,Bengaluru - Mysuru Road,service
2023-11-29 09:37:36,12.778608373,77.365694132,653.9492,20.627463383710968,0.8237668611329383,241.0902732564478,12.778621,77.365687,Bengaluru - Mysuru Road,service
2023-11-29 09:37:37,12.77851939,77.365514459,652.5938,21.85228873722358,1.224825353512614,243.07730764241447,12.778524,77.365511,Bengaluru - Mysuru Road,service
2023-11-29 09:37:38,12.778420107,77.36532893,651.2289,22.948810939763305,1.096522202539724,241.2453342521576,12.778424,77.365327,Bengaluru - Mysuru Road,service
2023-11-29 09:37:39,12.778305226,77.365140131,652.5057,24.13184194627936,1.1830310065160567,238.03849067558085,12.778315,77.365134,Bengaluru - Mysuru Road,service
2023-11-29 09:37:40,12.778187158,77.364949682,653.0093,24.472109371525377,0.3402674252460151,237.5563348703828,12.778203,77.36494,Bengaluru - Mysuru Road,service
2023-11-29 09:37:41,12.778070832,77.364759688,655.0512,24.32694854497681,-0.1451608265485617,237.8790131745336,12.778091,77.364748,Bengaluru - Mysuru Road,service
2023-11-29 09:37:42,12.777967757,77.364561346,653.075,24.371631972657774,0.0446834276809582,241.94774564180503,12.777979,77.364555,Bengaluru - Mysuru Road,service
2023-11-29 09:37:43,12.777868051,77.364367065,655.2386,23.80714360861709,-0.5644883640406881,242.2449914963672,12.777872,77.364365,Bengaluru - Mysuru Road,service
2023-11-29 09:37:44,12.77776667,77.364165205,654.4219,24.622167607398232,0.8150239987811467,242.75210431979272,12.777764,77.364167,Bengaluru - Mysuru Road,service
2023-11-29 09:37:45,12.777662004,77.363961585,654.9379,24.96022031053766,0.3380527031394287,242.20724960045493,12.777661,77.363962,Bengaluru - Mysuru Road,service
2023-11-29 09:37:46,12.777559767,77.363763732,657.5232,24.2811112344169,-0.6791090761207599,242.0829861270864,12.777565,77.363761,Bengaluru - Mysuru Road,service
2023-11-29 09:37:47,12.77745998,77.363571971,656.9561,23.569924675925183,-0.7111865584917147,241.9162963390116,12.777469,77.363566,Bengaluru - Mysuru Road,service
2023-11-29 09:37:48,12.777383296,77.363383935,662.3333,22.101934627563413,-1.4679900483617736,247.3067600594171,12.77737,77.363391,Bengaluru - Mysuru Road,service
2023-11-29 09:37:49,12.777266807,77.363225972,659.2818,21.47574125271278,-0.626193374850633,232.9045426582357,12.777274,77.363222,Bengaluru - Mysuru Road,service
2023-11-29 09:37:50,12.777181135,77.363065515,660.1331,19.83725814926381,-1.6384831034489693,241.3001024767015,12.777185,77.363064,Bengaluru - Mysuru Road,service
2023-11-29 09:37:51,12.777094771,77.36290892,660.1311,19.508714233484007,-0.3285439157798038,240.5111922937672,12.777097,77.362908,Bengaluru - Mysuru Road,service
2023-11-29 09:37:52,12.777000493,77.362743654,659.563,20.762596749015387,1.2538825155313802,239.6746638838393,12.77701,77.362738,Bengaluru - Mysuru Road,service
2023-11-29 09:37:53,12.776913722,77.362570492,659.8168,21.111729874165984,0.3491331251505976,242.8050018566505,12.776923,77.362565,Bengaluru - Mysuru Road,service
2023-11-29 09:37:54,12.776827202,77.362405067,657.8031,20.355874482644943,-0.7558553915210382,241.7955436976494,12.776839,77.362399,Bengaluru - Mysuru Road,service
2023-11-29 09:37:55,12.776752595,77.362245172,662.1119,19.22167352046071,-1.134200962184238,244.431384790759,12.77676,77.362241,Bengaluru - Mysuru Road,service
2023-11-29 09:37:56,12.776679845,77.362068558,660.8178,20.79062520768877,1.5689516872280578,247.10211154076296,12.776676,77.362071,Bengaluru - Mysuru Road,service
2023-11-29 09:37:57,12.776595512,77.361899826,663.1742,20.56057533577228,-0.2300498719164885,242.86515245578465,12.776598,77.361899,Bengaluru - Mysuru Road,service
2023-11-29 09:37:58,12.776512185,77.361716535,663.1295,21.929916771126862,1.3693414353545847,245.00706455547623,12.776515,77.361716,Bengaluru - Mysuru Road,service
2023-11-29 09:37:59,12.776426625,77.361538055,662.3741,21.56657178778823,-0.3633449833386315,243.8234965657692,12.776433,77.361535,Bengaluru - Mysuru Road,service
2023-11-29 09:38:00,12.776346296,77.361364607,660.6831,20.82217095689609,-0.7444008308921397,244.59753173329835,12.776354,77.361361,Bengaluru - Mysuru Road,service
2023-11-29 09:38:01,12.776269886,77.361196199,661.9162,20.142164993486613,-0.6800059634094779,245.0503595870717,12.776277,77.361193,Bengaluru - Mysuru Road,service
2023-11-29 09:38:02,12.776181503,77.361032581,660.9198,20.28299913047873,0.1408341369921153,241.0182708152388,12.776198,77.361025,Bengaluru - Mysuru Road,service
2023-11-29 09:38:03,12.776106157,77.360856346,661.9572,20.86702404137316,0.5840249108944278,246.328086815844,12.776116,77.360851,Bengaluru - Mysuru Road,service
2023-11-29 09:38:04,12.776018381,77.360684412,662.064,21.045025501993745,0.1780014606205888,242.368774038556,12.776034,77.360676,Bengaluru - Mysuru Road,service
2023-11-29 09:38:05,12.775946846,77.360506094,662.9355,20.909255787356106,-0.1357697146376431,247.64023000730103,12.775953,77.360503,Bengaluru - Mysuru Road,service
2023-11-29 09:38:06,12.775858432,77.36031839,663.3885,22.60482837848713,1.6955725911310289,244.2201092274537,12.775865,77.360315,Bengaluru - Mysuru Road,service
2023-11-29 09:38:07,12.775771783,77.360136261,663.821,21.975254808119303,-0.6295735703678282,243.99534515207205,12.77578,77.360132,Bengaluru - Mysuru Road,service
2023-11-29 09:38:08,12.775679454,77.35995072,663.8885,22.588360003925523,0.6131051958062201,242.96694853610703,12.77569,77.359945,Bengaluru - Mysuru Road,service
2023-11-29 09:38:09,12.775590665,77.359766138,663.3509,22.318887613114097,-0.2694723908114262,243.7457418018844,12.775599,77.359762,Bengaluru - Mysuru Road,service
2023-11-29 09:38:10,12.775491506,77.359581223,663.842,22.88401813064525,0.5651305175311556,241.19568342226995,12.775506,77.359573,Bengaluru - Mysuru Road,service
2023-11-29 09:38:11,12.775391007,77.359400124,663.68,22.595611761023783,-0.288406369621466,240.35900774575865,12.775407,77.359391,Bengaluru - Mysuru Road,service
2023-11-29 09:38:12,12.775287303,77.35921839,665.7216,22.83338540414626,0.2377736431224733,239.66721687818244,12.775298,77.35921,Bengaluru - Mysuru Road,service
2023-11-29 09:38:13,12.775174607,77.359041716,664.9703,22.89315076474804,0.05976536060178,236.81265246014647,12.775185,77.359035,Bengaluru - Mysuru Road,service
2023-11-29 09:38:14,12.775064968,77.35886824,666.5291,22.417060503777776,-0.4760902609702633,237.05457086880511,12.775074,77.358862,Bengaluru - Mysuru Road,service
2023-11-29 09:38:15,12.774959889,77.35869326,665.6189,22.28411668570665,-0.1329438180711299,238.3768064276717,12.774963,77.358691,Bengaluru - Mysuru Road,service
2023-11-29 09:38:16,12.774845958,77.358512794,665.5479,23.31273973370304,1.028623047996394,237.0834371865377,12.774844,77.358514,Bengaluru - Mysuru Road,service
2023-11-29 09:38:17,12.774731528,77.358326043,666.4778,23.91723632778583,0.6044965940827893,237.8591480583395,12.774722,77.358333,Bengaluru - Mysuru Road,service
2023-11-29 09:38:18,12.774602884,77.358142961,666.7684,24.47032683121535,0.5530905034295195,234.22757167658645,12.774597,77.358147,Bengaluru - Mysuru Road,service
2023-11-29 09:38:19,12.774484269,77.357955374,665.5637,24.244050981436875,-0.2262758497784744,237.0419138814713,12.774472,77.357963,Bengaluru - Mysuru Road,service
2023-11-29 09:38:20,12.774365485,77.357771211,667.5255,23.943720021447216,-0.3003309599896582,236.52081250670835,12.77435,77.357782,Bengaluru - Mysuru Road,service
2023-11-29 09:38:21,12.774246562,77.357591292,668.5617,23.56989155154652,-0.3738284699006939,235.87232063002728,12.77423,77.357603,Bengaluru - Mysuru Road,service
2023-11-29 09:38:22,12.774134609,77.357412407,668.219,23.04952230386402,-0.5203692476825026,237.31087687836387,12.774112,77.357429,Bengaluru - Mysuru Road,service
2023-11-29 09:38:23,12.774015933,77.357237871,668.9453,23.073290111037373,0.0237678071733533,235.1155156601476,12.773998,77.35725,Bengaluru - Mysuru Road,service
2023-11-29 09:38:24,12.773901824,77.357070052,671.2696,22.18533864925612,-0.8879514617812596,235.11547225710063,12.77389,77.357078,Bengaluru - Mysuru Road,service
2023-11-29 09:38:25,12.773789878,77.356902015,671.335,22.068188599263088,-0.1171500499930253,235.66283625931885,12.773782,77.356907,Bengaluru - Mysuru Road,service
2023-11-29 09:38:26,12.773688443,77.356743369,671.6933,20.571730253245253,-1.4964583460178351,236.75096014789145,12.773682,77.356747,Bengaluru - Mysuru Road,service
2023-11-29 09:38:27,12.77357842,77.356579805,672.2278,21.547273277715057,0.975543024469804,235.4048149163919,12.773577,77.356581,Bengaluru - Mysuru Road,service
2023-11-29 09:38:28,12.773478292,77.356419796,672.6692,20.616666204106657,-0.9306070736083996,237.3139820721045,12.773477,77.356421,Bengaluru - Mysuru Road,service
2023-11-29 09:38:29,12.773372986,77.356263218,671.7298,20.625853376988275,0.0091871728816173,235.40936100788548,12.773376,77.356261,Bengaluru - Mysuru Road,service
2023-11-29 09:38:30,12.773268915,77.356102843,673.9531,20.88974870356951,0.2638953265812347,236.3606355167127,12.773274,77.356099,Bengaluru - Mysuru Road,service
2023-11-29 09:38:31,12.773158433,77.35593361,673.53,22.084474606278864,1.1947259027093544,236.2014501923411,12.773167,77.355928,Bengaluru - Mysuru Road,service
2023-11-29 09:38:32,12.773055616,77.355761748,672.5405,21.86446933572693,-0.2200052705519297,238.4736611744002,12.773058,77.35576,Bengaluru - Mysuru Road,service
2023-11-29 09:38:33,12.772946754,77.355597194,673.3347,21.563036304159365,-0.3014330315675693,235.8492287985947,12.772949,77.355595,Bengaluru - Mysuru Road,service
2023-11-29 09:38:34,12.772840497,77.355423271,672.4449,22.255989730040405,0.6929534258810399,237.9351493415066,12.77283,77.355431,Bengaluru - Mysuru Road,service
2023-11-29 09:38:35,12.772725511,77.355262629,672.3503,21.609118691463724,-0.6468710385766805,233.72312034856915,12.772713,77.355273,Bengaluru - Mysuru Road,service
2023-11-29 09:38:36,12.772616126,77.355106799,674.0165,20.820835659008907,-0.7882830324548173,234.2551344595541,12.772602,77.355116,Bengaluru - Mysuru Road,service
2023-11-29 09:38:37,12.772505296,77.354944379,672.0682,21.496644584596527,0.6758089255876207,235.0203029648221,12.772498,77.354948,Bengaluru - Mysuru Road,service
2023-11-29 09:38:38,12.772408742,77.354782921,673.7171,20.5386455506093,-0.9579990339872282,238.4839777584748,12.7724,77.354789,Bengaluru - Mysuru Road,service
2023-11-29 09:38:39,12.772294757,77.354626804,673.0056,21.14864374192964,0.6099981913203365,233.17965651569108,12.772298,77.354625,Bengaluru - Mysuru Road,service
2023-11-29 09:38:40,12.772212079,77.354464091,677.7291,19.896494750638688,-1.252148991290948,242.4799030728991,12.772203,77.354469,Bengaluru - Mysuru Road,service
2023-11-29 09:38:41,12.772100942,77.354302973,674.5039,21.400827232827684,1.504332482188996,234.72875117909925,12.772105,77.354301,Bengaluru - Mysuru Road,service
2023-11-29 09:38:42,12.772011982,77.354134858,676.4404,20.7417282733906,-0.6590989594370846,241.51635177543267,12.772013,77.354134,Bengaluru - Mysuru Road,service
2023-11-29 09:38:43,12.771917552,77.353965254,677.7932,21.17867803960192,0.4369497662113204,240.2782855938921,12.77192,77.353964,Bengaluru - Mysuru Road,service
2023-11-29 09:38:44,12.771828349,77.353779872,678.0318,22.417324050731988,1.2386460111300686,243.73864327423965,12.771827,77.35378,Bengaluru - Mysuru Road,service
2023-11-29 09:38:45,12.771741593,77.353615079,679.7933,20.30827162916061,-2.109052421571373,241.6393920575979,12.771747,77.353613,Bengaluru - Mysuru Road,service
2023-11-29 09:38:46,12.771665968,77.35344254,680.6473,20.513575896533418,0.2053042673728029,245.7996238637949,12.77167,77.353441,Bengaluru - Mysuru Road,service
2023-11-29 09:38:47,12.771597,77.353280722,679.6303,19.1507188906036,-1.3628570059298184,246.39374938524747,12.771599,77.35328,Bengaluru - Mysuru Road,service
2023-11-29 09:38:48,12.771520475,77.353127667,680.5341,18.65196722224813,-0.4987516683554673,242.85727875117493,12.771529,77.353124,Bengaluru - Mysuru Road,service
2023-11-29 09:38:49,12.771461228,77.352985504,682.9281,16.765329379443838,-1.8866378428042945,246.8617235582909,12.771466,77.352984,Bengaluru - Mysuru Road,service
2023-11-29 09:38:50,12.771391292,77.352843665,682.1754,17.235642347589334,0.470312968145496,243.1800354233824,12.771403,77.352839,Bengaluru - Mysuru Road,service
2023-11-29 09:38:51,12.77132989,77.35269703,682.5878,17.30547405754252,0.0698317099531848,246.7631274801258,12.771341,77.352692,Bengaluru - Mysuru Road,service
2023-11-29 09:38:52,12.771256289,77.352543423,683.8682,18.559623842134776,1.2541497845922578,243.8348471471378,12.771274,77.352535,Bengaluru - Mysuru Road,service
2023-11-29 09:38:53,12.771177734,77.35239065,684.3549,18.72898374476307,0.1693599026282939,242.2001218240761,12.771208,77.352378,Bengaluru - Mysuru Road,service
2023-11-29 09:38:54,12.771117152,77.352228613,683.9938,18.81894323158529,0.0899594868222237,249.02511080404844,12.77114,77.352219,Bengaluru - Mysuru Road,service
2023-11-29 09:38:55,12.771059845,77.352063965,686.1644,18.958115834745108,0.1391726031598139,250.3592123768861,12.771073,77.352058,Bengaluru - Mysuru Road,service
2023-11-29 09:38:56,12.771014721,77.35188497,688.5245,20.04896386092734,1.0908480261822326,255.50680821417265,12.771004,77.351889,Bengaluru - Mysuru Road,service
2023-11-29 09:38:57,12.770953463,77.351693851,686.5775,21.81636050005191,1.76739663912457,251.80674545996857,12.770934,77.351701,Bengaluru - Mysuru Road,service
2023-11-29 09:38:58,12.770880798,77.351501675,686.0004,22.351885983866104,0.5355254838141938,248.8083017637676,12.770862,77.351509,Bengaluru - Mysuru Road,service
2023-11-29 09:38:59,12.770821017,77.351311856,685.9873,21.63145310898384,-0.7204328748822633,252.1034344603391,12.770796,77.351319,Bengaluru - Mysuru Road,service
2023-11-29 09:39:00,12.770760282,77.351126088,685.1603,21.247315646674625,-0.3841374623092157,251.4671695183318,12.770746,77.35113,Bengaluru - Mysuru Road,service
2023-11-29 09:39:01,12.770711359,77.350938615,686.7348,21.04559872206154,-0.2017169246130841,255.01978414746708,12.770697,77.350943,Bengaluru - Mysuru Road,service
2023-11-29 09:39:02,12.770639831,77.350757461,682.9122,21.194087363924016,0.1484886418624746,247.9588857148601,12.770647,77.350755,Bengaluru - Mysuru Road,service
2023-11-29 09:39:03,12.770609639,77.350561224,684.7801,21.543963250218003,0.3498758862939866,261.03508114051147,12.770596,77.350565,Bengaluru - Mysuru Road,service
2023-11-29 09:39:04,12.770552216,77.35038214,683.5866,20.443367709945235,-1.1005955402727672,251.80011218042728,12.770547,77.350384,Bengaluru - Mysuru Road,service
2023-11-29 09:39:05,12.770504614,77.35018583,683.4563,21.936860307561016,1.493492597615781,256.03745074406714,12.77049,77.350191,Bengaluru - Mysuru Road,service
2023-11-29 09:39:06,12.770463608,77.349981661,682.9622,22.605599487857013,0.6687391802959972,258.36335053504564,12.770441,77.349988,Bengaluru - Mysuru Road,service
2023-11-29 09:39:07,12.770417276,77.34976075,682.4365,24.504249508909844,1.8986500210528303,257.8633442912309,12.77039,77.349768,Bengaluru - Mysuru Road,service
2023-11-29 09:39:08,12.770376715,77.349544393,683.4792,23.892257558273144,-0.6119919506366998,259.1189245887813,12.770355,77.349548,Bengaluru - Mysuru Road,service
2023-11-29 09:39:09,12.770333858,77.349322789,682.6581,24.49965204579261,0.6073944875194712,258.7837959929441,12.77032,77.349325,Bengaluru - Mysuru Road,service
2023-11-29 09:39:10,12.770299156,77.349093747,682.8134,25.13626498924913,0.636612943456516,261.1695917275286,12.770284,77.349096,Bengaluru - Mysuru Road,service
2023-11-29 09:39:11,12.770267812,77.348869789,683.5801,24.53579946283256,-0.6004655264165706,261.8335754331157,12.770253,77.348872,Bengaluru - Mysuru Road,service
2023-11-29 09:39:12,12.770237401,77.348644092,683.4002,24.708077331487715,0.1722778686551542,262.1338330893756,12.770224,77.348646,Bengaluru - Mysuru Road,service
2023-11-29 09:39:13,12.770205281,77.348419667,682.6349,24.59831679017148,-0.1097605413162376,261.65138648973675,12.770195,77.348421,Bengaluru - Mysuru Road,service
2023-11-29 09:39:14,12.770151876,77.348200658,678.5867,24.481454646684163,-0.1168621434873138,255.9619951827242,12.770167,77.348199,Bengaluru - Mysuru Road,service
2023-11-29 09:39:15,12.770114713,77.347980297,678.0691,24.251592703513783,-0.229861943170377,260.18926973678685,12.770138,77.347977,Bengaluru - Mysuru Road,service
2023-11-29 09:39:16,12.770081927,77.347763569,677.9247,23.784024180324103,-0.46756852318968,261.18291570341603,12.770109,77.34776,Bengaluru - Mysuru Road,service
2023-11-29 09:39:17,12.770040256,77.347539768,676.745,24.708354518434543,0.9243303381104369,259.191243195495,12.77008,77.347535,Bengaluru - Mysuru Road,service
2023-11-29 09:39:18,12.770027321,77.347324854,680.3294,23.3505869868772,-1.3577675315573463,266.4685885351469,12.770053,77.347322,Bengaluru - Mysuru Road,service
2023-11-29 09:39:19,12.770001069,77.347103201,680.9436,24.213657487180168,0.863070500302971,263.07586224497874,12.770024,77.3471,Bengaluru - Mysuru Road,service
2023-11-29 09:39:20,12.769978227,77.346888218,680.8622,23.451681920183944,-0.7619755669962238,263.7824572011777,12.769996,77.346886,Bengaluru - Mysuru Road,service
2023-11-29 09:39:21,12.769950831,77.346657057,679.4563,25.252568464133606,1.8008865439496624,263.071382215674,12.769967,77.346655,Bengaluru - Mysuru Road,service
2023-11-29 09:39:22,12.7699135,77.34643494,677.0414,24.44244240045523,-0.8101260636783749,260.2221898477003,12.769938,77.346432,Bengaluru - Mysuru Road,service
2023-11-29 09:39:23,12.769892504,77.34621165,676.8643,24.326878903461115,-0.1155634969941168,264.49287732198684,12.769909,77.34621,Bengaluru - Mysuru Road,service
2023-11-29 09:39:24,12.769858856,77.345985389,676.0228,24.82040403424941,0.4935251307882957,261.33007373207147,12.76988,77.345982,Bengaluru - Mysuru Road,service
2023-11-29 09:39:25,12.769843873,77.345745441,677.9428,26.07434743532375,1.253943401074341,266.3365881395716,12.769849,77.345744,Bengaluru - Mysuru Road,service
2023-11-29 09:39:26,12.769801675,77.3455178,675.5192,25.12841400974149,-0.9459334255822576,259.2380718180375,12.76982,77.345516,Bengaluru - Mysuru Road,service
2023-11-29 09:39:27,12.769774409,77.345271076,674.3388,26.927122775777114,1.7987087660356202,263.53513924271374,12.769788,77.345269,Bengaluru - Mysuru Road,service
2023-11-29 09:39:28,12.769728641,77.345029318,672.3388,26.70673545955468,-0.2203873162224354,259.01470423458454,12.769753,77.345025,Bengaluru - Mysuru Road,service
2023-11-29 09:39:29,12.769715208,77.344804835,675.1637,24.38976465385758,-2.3169708056971,266.48891136443655,12.76972,77.344804,Bengaluru - Mysuru Road,service
2023-11-29 09:39:30,12.769673961,77.344590264,671.1839,23.716782929682644,-0.6729817241749352,258.84966033659737,12.769687,77.344588,Bengaluru - Mysuru Road,service
2023-11-29 09:39:31,12.769651147,77.344388801,672.2216,21.99437788658509,-1.7224050430975488,263.3768661132942,12.769657,77.344388,Bengaluru - Mysuru Road,service
2023-11-29 09:39:32,12.769624374,77.34419464,671.7389,21.265147213276368,-0.7292306733087273,261.9524441655209,12.769628,77.344194,Bengaluru - Mysuru Road,service
2023-11-29 09:39:33,12.769595193,77.344004744,672.6868,20.847282365174728,-0.4178648481016402,261.0458041188467,12.769598,77.344004,Bengaluru - Mysuru Road,service
2023-11-29 09:39:34,12.76957072,77.343801737,671.7666,22.182588433534004,1.3353060683592766,262.9534492174088,12.769568,77.343803,Bengaluru - Mysuru Road,service
2023-11-29 09:39:35,12.769539594,77.343594338,671.9963,22.756071804456177,0.5734833709221725,261.2517486069246,12.76954,77.343594,Bengaluru - Mysuru Road,service
2023-11-29 09:39:36,12.769509414,77.343376206,672.663,23.892124499788206,1.1360526953320296,261.9256191377562,12.769513,77.343375,Bengaluru - Mysuru Road,service
2023-11-29 09:39:37,12.769481318,77.343147984,673.038,24.94588106276221,1.053756562974005,262.8056166977972,12.769484,77.343148,Bengaluru - Mysuru Road,service
2023-11-29 09:39:38,12.769445562,77.342909221,674.4046,26.196075934002515,1.2501948712403037,261.27027423383424,12.769454,77.342908,Bengaluru - Mysuru Road,service
2023-11-29 09:39:39,12.76943407,77.342666934,678.3596,26.30581698980625,0.1097410558037346,267.21568606777225,12.769424,77.342668,Bengaluru - Mysuru Road,service
2023-11-29 09:39:40,12.769376345,77.342428793,675.3449,26.610873580415863,0.3050565906096167,256.04224098402733,12.769394,77.342427,Bengaluru - Mysuru Road,service
2023-11-29 09:39:41,12.769347068,77.342198664,675.9772,25.167732804080124,-1.443140776335742,262.5679749890569,12.769365,77.342197,Bengaluru - Mysuru Road,service
2023-11-29 09:39:42,12.769310291,77.341978297,674.9569,24.24503236670375,-0.922700437376374,260.28951041867344,12.769337,77.341974,Bengaluru - Mysuru Road,service
2023-11-29 09:39:43,12.769279733,77.341756302,676.6915,24.31282505010916,0.0677926834054112,261.966222554462,12.76931,77.341752,Bengaluru - Mysuru Road,service
2023-11-29 09:39:44,12.769254312,77.341542383,677.2257,23.36999473459023,-0.9428303155189326,263.05287986334883,12.769283,77.341538,Bengaluru - Mysuru Road,service
2023-11-29 09:39:45,12.769227574,77.341330282,679.6171,23.19262201210395,-0.1773727224862789,262.6348428832496,12.769256,77.341326,Bengaluru - Mysuru Road,service
2023-11-29 09:39:46,12.769193553,77.341110304,677.8522,24.15357411308416,0.960952100980208,260.9891896448708,12.769227,77.341105,Bengaluru - Mysuru Road,service
2023-11-29 09:39:47,12.769170703,77.340891747,678.2035,23.837189951563907,-0.3163841615202507,263.8812479926567,12.769197,77.340888,Bengaluru - Mysuru Road,service
2023-11-29 09:39:48,12.769135828,77.340678546,679.0017,23.443521801719704,-0.3936681498442027,260.4786480703365,12.769167,77.340674,Bengaluru - Mysuru Road,service
2023-11-29 09:39:49,12.769104643,77.340462604,678.9895,23.67315633146305,0.2296345297433468,261.5771055217694,12.769137,77.340458,Bengaluru - Mysuru Road,service
2023-11-29 09:39:50,12.769080345,77.340241631,680.0972,24.11523289725404,0.4420765657909875,263.5672331622535,12.769106,77.340238,Bengaluru - Mysuru Road,service
2023-11-29 09:39:51,12.769051506,77.340031115,680.5278,23.053515530412483,-1.061717366841556,262.00423651864054,12.769076,77.340027,Bengaluru - Mysuru Road,service
2023-11-29 09:39:52,12.769019281,77.339811256,679.1361,24.11035691422548,1.0568413838129942,261.4531217248867,12.769046,77.339807,Bengaluru - Mysuru Road,service
2023-11-29 09:39:53,12.768993029,77.339593551,680.4865,23.788790462076967,-0.3215664521485095,262.95157446141644,12.769015,77.339591,Bengaluru - Mysuru Road,service
2023-11-29 09:39:54,12.768967761,77.339380568,681.104,23.26720426409956,-0.5215861979774132,263.064241199055,12.768986,77.339378,Bengaluru - Mysuru Road,service
2023-11-29 09:39:55,12.768923893,77.339163702,678.6037,24.01857122089108,0.7513669567915251,258.2823910910807,12.768955,77.339159,Bengaluru - Mysuru Road,service
2023-11-29 09:39:56,12.768903605,77.338953652,680.2231,22.89031044666537,-1.1282607742257085,264.3441363597871,12.768926,77.338951,Bengaluru - Mysuru Road,service
2023-11-29 09:39:57,12.76887943,77.338733822,680.768,23.99054724536796,1.100236798702582,263.566530009574,12.768896,77.338732,Bengaluru - Mysuru Road,service
2023-11-29 09:39:58,12.768847312,77.33851702,680.7297,23.780799458934915,-0.2097477864330379,261.3627678827233,12.768867,77.338514,Bengaluru - Mysuru Road,service
2023-11-29 09:39:59,12.768817775,77.338299016,680.5078,23.868501961769752,0.087702502834837,262.0908895879718,12.768837,77.338296,Bengaluru - Mysuru Road,service
2023-11-29 09:40:00,12.768782697,77.338084334,681.2986,23.605682491688235,-0.2628194700815172,260.4891110511122,12.768808,77.33808,Bengaluru - Mysuru Road,service
2023-11-29 09:40:01,12.768743108,77.337873945,679.757,23.2364450772149,-0.3692374144733357,259.079456642984,12.76878,77.337869,Bengaluru - Mysuru Road,service
2023-11-29 09:40:02,12.768757544,77.337671149,690.039,22.05073286336131,-1.1857122138535878,274.17463110545594,12.768751,77.337672,Bengaluru - Mysuru Road,service
2023-11-29 09:40:03,12.768680096,77.337471886,682.754,23.2619110410608,1.211178177699491,248.2713664960644,12.768713,77.337466,Bengaluru - Mysuru Road,service
2023-11-29 09:40:04,12.768641407,77.337294858,685.2794,19.673936390680023,-3.587974650380776,257.3693280899398,12.768681,77.337287,Bengaluru - Mysuru Road,service
2023-11-29 09:40:05,12.768598716,77.337123064,684.8319,19.2254899599018,-0.4484464307782332,255.7051070982148,12.768649,77.337113,Bengaluru - Mysuru Road,service
2023-11-29 09:40:06,12.768548721,77.336963723,685.6746,18.151988691678103,-1.0735012682236906,252.16615802123928,12.768602,77.336945,Bengaluru - Mysuru Road,service
2023-11-29 09:40:07,12.768489406,77.336815161,687.0535,17.408616050294597,-0.7433726413835053,247.73657876196512,12.76855,77.336793,Bengaluru - Mysuru Road,service
2023-11-29 09:40:08,12.768435623,77.336672799,687.5329,16.55631880641481,-0.8522972438797858,248.82516121484247,12.7685,77.33665,Bengaluru - Mysuru Road,service
2023-11-29 09:40:09,12.76838078,77.336526137,686.5195,17.033827752631417,0.4775089462166058,249.0220450657316,12.768438,77.336497,Bengaluru - Mysuru Road,service
2023-11-29 09:40:10,12.768328972,77.336385499,687.6024,16.303239637595464,-0.7305881150359532,249.30752288322245,12.768374,77.336362,Bengaluru - Mysuru Road,service
2023-11-29 09:40:11,12.76829822,77.336235763,693.688,16.59429459703741,0.2910549594419471,258.1082966229204,12.76831,77.33623,Bengaluru - Mysuru Road,service
2023-11-29 09:40:12,12.768218055,77.33611331,689.4694,15.993816857924523,-0.6004777391128862,236.1282005559243,12.768248,77.336098,Bengaluru - Mysuru Road,service
2023-11-29 09:40:13,12.768148637,77.335987748,689.0149,15.652283800518862,-0.3415330574056625,240.4521569911253,12.768186,77.335969,Bengaluru - Mysuru Road,service
2023-11-29 09:40:14,12.768086647,77.335868294,687.7036,14.673962916092425,-0.9783208844264396,241.98247678814403,12.768128,77.335847,Bengaluru - Mysuru Road,service
2023-11-29 09:40:15,12.768042296,77.335745929,689.2151,14.156675887457956,-0.5172870286344669,249.61303331502268,12.768072,77.335731,Bengaluru - Mysuru Road,service
2023-11-29 09:40:16,12.767990133,77.335666876,687.6348,10.350759512396586,-3.80591637506137,235.91858006289493,12.768032,77.335646,Bengaluru - Mysuru Road,service
2023-11-29 09:40:17,12.767968488,77.335592564,688.6886,8.410525453193054,-1.9402340592035312,253.3713944218821,12.767999,77.335577,Bengaluru - Mysuru Road,service
2023-11-29 09:40:18,12.767947414,77.335549221,688.7381,5.25208971875606,-3.1584357344369947,243.5018218319275,12.767978,77.335533,Bengaluru - Mysuru Road,service
2023-11-29 09:40:19,12.767933691,77.335517102,689.205,3.802742537651504,-1.4493471811045562,246.34238285227465,12.767964,77.335502,Bengaluru - Mysuru Road,service
2023-11-29 09:40:20,12.767926576,77.335497262,689.2404,2.29240496380981,-1.5103375738416935,249.81095818998745,12.767955,77.335483,Bengaluru - Mysuru Road,service
2023-11-29 09:40:21,12.767926714,77.335484469,687.448,1.387427301610995,-0.904977662198815,270.633703737411,12.76795,77.335473,Bengaluru - Mysuru Road,service
2023-11-29 09:40:22,12.767914818,77.335469955,688.4229,2.0560002707459626,0.6685729691349676,229.95621149808488,12.767942,77.335457,Bengaluru - Mysuru Road,service
2023-11-29 09:40:23,12.767906538,77.335433771,687.6003,4.030555011983777,1.9745547412378144,256.7954301701993,12.767926,77.335424,Bengaluru - Mysuru Road,service
2023-11-29 09:40:24,12.767885147,77.335398375,689.1021,4.515744663481117,0.4851896514973397,238.2153368383732,12.767908,77.335386,Bengaluru - Mysuru Road,service
2023-11-29 09:40:25,12.767866704,77.335340011,688.5062,6.653256506679325,2.137511843198208,252.04709720923307,12.767883,77.335332,Bengaluru - Mysuru Road,service
2023-11-29 09:40:26,12.76783466,77.335284482,689.4614,6.997056181247173,0.3437996745678484,239.38726837672564,12.767835,77.33527,,service
2023-11-29 09:40:27,12.767810909,77.3352274,688.9605,6.730115756482246,-0.2669404247649272,246.8952258625031,12.767837,77.335218,Bengaluru - Mysuru Road,service
2023-11-29 09:40:28,12.767791845,77.335164667,688.5349,7.125724785609021,0.3956090291267751,252.6931972787289,12.767817,77.335157,Bengaluru - Mysuru Road,service
2023-11-29 09:40:29,12.76776502,77.335092314,687.9753,8.39419078898377,1.2684660033747497,249.18563562994183,12.767794,77.335082,Bengaluru - Mysuru Road,service
2023-11-29 09:40:31,12.767706936,77.334913636,687.4726,10.21243812592672,0.9091236684714749,251.565860033308,12.767737,77.334904,Bengaluru - Mysuru Road,service
2023-11-29 09:40:32,12.767665928,77.334814198,685.4242,11.708061624461113,1.4956234985343926,247.078789676866,12.767704,77.334801,Bengaluru - Mysuru Road,service
2023-11-29 09:40:33,12.767636516,77.334700659,684.9767,12.7397400246813,1.031678400220187,255.1248617288816,12.767669,77.33469,Bengaluru - Mysuru Road,service
2023-11-29 09:40:34,12.767596019,77.33459044,684.3828,12.772864877301608,0.0331248526203076,249.3567083734044,12.767633,77.334578,Bengaluru - Mysuru Road,service
2023-11-29 09:40:35,12.767558582,77.334475051,684.2348,13.18767640642938,0.4148115291277712,251.59943073908943,12.767597,77.334462,Bengaluru - Mysuru Road,service
2023-11-29 09:40:36,12.767517335,77.334361999,684.4066,13.089805001904132,-0.0978714045252466,249.48921355485191,12.767551,77.334347,Bengaluru - Mysuru Road,service
2023-11-29 09:40:37,12.767471052,77.334256475,682.9494,12.547594533244574,-0.5422104686595581,245.7855590203253,12.767506,77.33424,Bengaluru - Mysuru Road,service
2023-11-29 09:40:38,12.767419539,77.334143485,682.8838,13.525993551720472,0.9783990184758996,244.9455385847811,12.767457,77.334126,Bengaluru - Mysuru Road,service
2023-11-29 09:40:39,12.767354866,77.334034518,682.8321,13.83316283431748,0.3071692825970071,238.67714391766924,12.767408,77.334011,Bengaluru - Mysuru Road,service
2023-11-29 09:40:40,12.767289338,77.333927252,680.5069,13.72615163385006,-0.1070112004674204,237.93782924146944,12.767341,77.333889,Bengaluru - Mysuru Road,service
2023-11-29 09:40:41,12.767222057,77.333813764,680.2573,14.402752439587902,0.6766008057378414,238.7055959521608,12.767268,77.333781,Bengaluru - Mysuru Road,service
2023-11-29 09:40:42,12.76714208,77.333709189,680.0824,14.411728223947009,0.0089757843591051,231.89756980100933,12.767193,77.333672,Bengaluru - Mysuru Road,service
2023-11-29 09:40:43,12.767075019,77.333593709,681.3799,14.575254122133638,0.1635258981866307,239.2288948473696,12.767119,77.333563,Bengaluru - Mysuru Road,service
2023-11-29 09:40:44,12.766982824,77.333485137,678.2932,15.611756427536124,1.036502305402486,228.9543704880063,12.767029,77.333443,Bengaluru - Mysuru Road,service
2023-11-29 09:40:45,12.766892143,77.333369955,678.6531,16.052963246908757,0.441206819372633,231.0880910318908,12.766934,77.333332,Bengaluru - Mysuru Road,service
2023-11-29 09:40:46,12.766794281,77.333255156,678.5089,16.534879082130903,0.4819158352221464,228.8441755264417,12.766836,77.333217,Bengaluru - Mysuru Road,service
2023-11-29 09:40:47,12.766693219,77.333138468,677.4885,16.923816462846204,0.3889373807153014,228.3936005105492,12.766735,77.3331,Bengaluru - Mysuru Road,service
2023-11-29 09:40:48,12.766591212,77.333017128,678.5871,17.372706080128538,0.4488896172823331,229.23931363183303,12.766632,77.33298,Bengaluru - Mysuru Road,service
2023-11-29 09:40:49,12.766480499,77.332886297,677.8484,18.78446645794625,1.411760377817714,229.05251264722904,12.766521,77.332849,Bengaluru - Mysuru Road,service
2023-11-29 09:40:50,12.766367034,77.3327492,677.4361,19.499446624178788,0.7149801662325359,229.6819452511457,12.7664,77.332717,Bengaluru - Mysuru Road,service
2023-11-29 09:40:51,12.766252692,77.332613502,679.4669,19.447635839154533,-0.051810785024255,229.1736835436496,12.76628,77.332588,Bengaluru - Mysuru Road,service
2023-11-29 09:40:52,12.766120119,77.332466317,676.8585,21.72750576386729,2.2798699247127594,227.27587424014308,12.766145,77.332442,Bengaluru - Mysuru Road,service
2023-11-29 09:40:53,12.766009307,77.332300989,680.8898,21.75502823595692,0.0275224720896254,235.50146101417465,12.766012,77.332298,Bengaluru - Mysuru Road,service
2023-11-29 09:40:54,12.765875958,77.33213541,684.72,23.287226782285007,1.5321985463280896,230.45142469410663,12.765868,77.332142,Bengaluru - Mysuru Road,service
2023-11-29 09:40:55,12.765674063,77.331983288,676.143,27.859335201447184,4.572108419162177,216.310181844044,12.765699,77.331959,Bengaluru - Mysuru Road,service
2023-11-29 09:40:56,12.76552553,77.331812181,676.1058,24.8416008869054,-3.017734314541784,228.32865141616284,12.765546,77.331793,Bengaluru - Mysuru Road,service
2023-11-29 09:40:57,12.765372814,77.331639038,676.0301,25.31657697711356,0.474976090208159,227.8745835858268,12.765389,77.331624,Bengaluru - Mysuru Road,service
2023-11-29 09:40:58,12.765239734,77.331463825,680.0513,24.083664186973586,-1.2329127901399772,232.08921800040872,12.765241,77.331463,Bengaluru - Mysuru Road,service
2023-11-29 09:40:59,12.765075035,77.33129773,676.3198,25.687339570783028,1.6036753838094455,224.52487704394497,12.765082,77.331291,Bengaluru - Mysuru Road,service
2023-11-29 09:41:00,12.764923024,77.331126702,676.7139,25.09408718069778,-0.5932523900852473,227.65611481541927,12.764927,77.331123,Bengaluru - Mysuru Road,service
2023-11-29 09:41:01,12.764766568,77.330953118,675.2311,25.632517194847964,0.5384300141501832,227.2568931768601,12.764769,77.330951,Bengaluru - Mysuru Road,service
2023-11-29 09:41:02,12.764602604,77.330784164,675.7823,25.848006915203943,0.2154897203559826,225.1419625720046,12.764612,77.330776,Bengaluru - Mysuru Road,service
2023-11-29 09:41:03,12.764448951,77.330602721,674.7167,26.05942466725965,0.2114177520557056,229.0323107113059,12.764453,77.330599,Bengaluru - Mysuru Road,service
2023-11-29 09:41:04,12.764287746,77.330432748,675.4867,25.711661454045288,-0.347763213214364,225.800313920104,12.764297,77.330425,Bengaluru - Mysuru Road,service
2023-11-29 09:41:05,12.764128944,77.330264039,673.7167,25.4272960622314,-0.2843653918138855,226.01664134292204,12.764139,77.330254,Bengaluru - Mysuru Road,service
2023-11-29 09:41:06,12.763961383,77.330108627,674.5995,25.123805257064525,-0.3034908051668772,222.1317222422596,12.76398,77.33009,Bengaluru - Mysuru Road,service
2023-11-29 09:41:07,12.763808434,77.329954714,675.8743,23.82954146000989,-1.2942637970546365,224.4632252757649,12.763828,77.329934,Bengaluru - Mysuru Road,service
2023-11-29 09:41:08,12.763659456,77.329804904,676.0916,23.202739878274144,-0.6268015817357444,224.4427969312329,12.763678,77.329783,Bengaluru - Mysuru Road,service
2023-11-29 09:41:09,12.763501938,77.329657925,675.0056,23.68225481891759,0.479514940643444,222.3033578973401,12.76352,77.329637,Bengaluru - Mysuru Road,service
2023-11-29 09:41:10,12.76335011,77.329514212,674.5316,22.976517835095148,-0.7057369838224403,222.7120569620229,12.763367,77.329495,Bengaluru - Mysuru Road,service
2023-11-29 09:41:11,12.763198329,77.329378473,673.984,22.395020598153305,-0.5814972369418427,221.0953076838524,12.763217,77.329357,Bengaluru - Mysuru Road,service
2023-11-29 09:41:12,12.763047017,77.329236155,674.3837,22.831867802014045,0.43684720386074,222.5308069516056,12.763065,77.329216,Bengaluru - Mysuru Road,service
2023-11-29 09:41:13,12.76289663,77.32908913,675.6545,23.10544346209776,0.2735756600837113,223.63610844956128,12.762911,77.329074,Bengaluru - Mysuru Road,service
2023-11-29 09:41:14,12.762734179,77.328943755,674.9769,23.97606194579282,0.8706184836950648,221.1136664512886,12.76275,77.328926,Bengaluru - Mysuru Road,service
2023-11-29 09:41:15,12.762576234,77.328795352,674.5244,23.82149189707817,-0.1545700487146497,222.5013101969064,12.762591,77.328778,Bengaluru - Mysuru Road,service
2023-11-29 09:41:16,12.762420127,77.328638285,673.4045,24.319809336940608,0.4983174398624364,224.45902382116063,12.762429,77.328628,Bengaluru - Mysuru Road,service
2023-11-29 09:41:17,12.762254578,77.328485282,674.2034,24.782748242686097,0.4629389057454887,222.03097305148165,12.762263,77.328476,Bengaluru - Mysuru Road,service
2023-11-29 09:41:18,12.762089959,77.328328303,673.7183,24.9976731394591,0.2149248967730024,222.92381836675733,12.762096,77.328321,Bengaluru - Mysuru Road,service
2023-11-29 09:41:19,12.761952878,77.328154476,674.2393,24.242677754015222,-0.7549953854438769,231.0416699556537,12.761936,77.328173,Bengaluru - Mysuru Road,service
2023-11-29 09:41:20,12.761759269,77.328015909,670.684,26.254326938263667,2.0116491842484443,214.91602047590305,12.761763,77.328011,Bengaluru - Mysuru Road,service
2023-11-29 09:41:21,12.761597788,77.327862607,672.5277,24.47068074187847,-1.7836461963851953,222.796575279148,12.761602,77.327859,Bengaluru - Mysuru Road,service
2023-11-29 09:41:22,12.761435942,77.327705146,673.0943,24.80875666710312,0.338075925224647,223.4972734048856,12.761437,77.327704,Bengaluru - Mysuru Road,service
2023-11-29 09:41:23,12.7612577,77.327551488,668.7383,25.894087200209096,1.085330533105978,220.0564916230244,12.761266,77.327542,Bengaluru - Mysuru Road,service
2023-11-29 09:41:24,12.761093344,77.327400051,666.0216,24.57058654745141,-1.3235006527576871,221.9440560565304,12.761104,77.327388,Bengaluru - Mysuru Road,service
2023-11-29 09:41:25,12.7609347,77.32724782,667.5685,24.160669391170234,-0.4099171562811747,223.10279825684967,12.760945,77.327237,Bengaluru - Mysuru Road,service
2023-11-29 09:41:26,12.760776412,77.327095066,667.284,24.17062729140424,0.0099579002340028,223.26510109564376,12.760785,77.327085,Bengaluru - Mysuru Road,service
2023-11-29 09:41:27,12.760635002,77.326942404,671.365,22.83301665472392,-1.337610636680317,226.4762702304105,12.760635,77.326942,Bengaluru - Mysuru Road,service
2023-11-29 09:41:28,12.760474283,77.326789579,668.5084,24.373420864439204,1.540404209715284,222.84279550821367,12.760475,77.326789,Bengaluru - Mysuru Road,service
2023-11-29 09:41:29,12.760314639,77.326639337,670.918,24.09562171728752,-0.2777991471516827,222.54769673345345,12.760316,77.326638,Bengaluru - Mysuru Road,service
2023-11-29 09:41:30,12.760148377,77.326496217,666.962,24.13906448927015,0.0434427719826295,220.0151728074048,12.760157,77.326486,Bengaluru - Mysuru Road,service
2023-11-29 09:41:31,12.760001176,77.326341027,664.7085,23.476928476847544,-0.6621360124226072,225.7976030240644,12.760002,77.32634,Bengaluru - Mysuru Road,service
2023-11-29 09:41:32,12.759826255,77.32621059,661.7063,24.05030891596748,0.5733804391199371,216.02748862642736,12.759844,77.326191,Bengaluru - Mysuru Road,service
2023-11-29 09:41:33,12.75968041,77.326073572,663.2101,21.995495217470413,-2.0548136984970675,222.49830339157643,12.759696,77.326055,Bengaluru - Mysuru Road,service
2023-11-29 09:41:34,12.759546193,77.325935444,664.3878,21.14542332484748,-0.8500718926229354,225.1065320553215,12.759555,77.325925,Bengaluru - Mysuru Road,service
2023-11-29 09:41:35,12.759393775,77.325807989,662.3561,21.86998915601217,0.7245658311646963,219.1996792932817,12.759409,77.325791,Bengaluru - Mysuru Road,service
2023-11-29 09:41:36,12.759260582,77.325678354,659.9983,20.42051515022555,-1.449474005786623,223.5087057530201,12.759272,77.325665,Bengaluru - Mysuru Road,service
2023-11-29 09:41:37,12.759125399,77.325559322,658.3269,19.81391430382536,-0.6066008464001911,220.6554046107862,12.759139,77.325543,Bengaluru - Mysuru Road,service
2023-11-29 09:41:38,12.758991439,77.325456596,654.8145,18.600888411124064,-1.213025892701296,216.793030328074,12.759016,77.325429,Bengaluru - Mysuru Road,service
2023-11-29 09:41:39,12.758907734,77.325353985,660.5237,14.507420787296748,-4.093467623827317,230.09078736486447,12.75892,77.325341,Bengaluru - Mysuru Road,service
2023-11-29 09:41:40,12.758801455,77.325270998,657.1481,14.854481008958343,0.3470602216615983,217.29147985532325,12.75882,77.325249,Bengaluru - Mysuru Road,service
2023-11-29 09:41:41,12.758729784,77.325194017,658.8836,11.541675981574512,-3.312805027383833,226.3308266354194,12.758744,77.325178,Bengaluru - Mysuru Road,service
2023-11-29 09:41:42,12.75865758,77.325134596,659.4337,10.295031094261027,-1.246644887313483,218.7519317020445,12.758675,77.325115,Bengaluru - Mysuru Road,service
2023-11-29 09:41:43,12.758601234,77.325080778,657.559,8.56272133235786,-1.7323097619031689,222.97045201056736,12.758617,77.325062,Bengaluru - Mysuru Road,service
2023-11-29 09:41:44,12.758556666,77.325043097,658.9093,6.423290516230394,-2.139430816127466,219.50888546235137,12.758575,77.325023,Bengaluru - Mysuru Road,service
2023-11-29 09:41:45,12.758524801,77.325009355,658.4824,5.093617701072954,-1.3296728151574395,225.923297408516,12.75854,77.324991,Bengaluru - Mysuru Road,service
2023-11-29 09:41:46,12.758537136,77.32499895,662.809,1.7761142127170204,-3.317503488355934,320.5556197106382,12.758542,77.324993,Bengaluru - Mysuru Road,service
2023-11-29 09:41:47,12.758495523,77.324971838,658.5927,5.482318565456617,3.706204352739596,212.43353869287603,12.758506,77.32496,Bengaluru - Mysuru Road,service
2023-11-29 09:41:48,12.758509378,77.324965524,663.4982,1.6859265965128958,-3.796391968943721,336.0363833146079,12.758511,77.324964,Bengaluru - Mysuru Road,service
2023-11-29 09:41:49,12.758486411,77.324947674,664.4732,3.2045868143228526,1.5186602178099569,217.16258869445403,12.758489,77.324944,Bengaluru - Mysuru Road,service
2023-11-29 09:41:50,12.758436752,77.324915597,657.7801,6.526268979057874,3.321682164735021,212.210798933199,12.758447,77.324905,Bengaluru - Mysuru Road,service
2023-11-29 09:41:51,12.758403751,77.32488782,659.5488,4.7476433709021775,-1.7786256081556964,219.3832618868784,12.758415,77.324876,Bengaluru - Mysuru Road,service
2023-11-29 09:41:52,12.758362883,77.324855364,659.9276,5.748047525073966,1.0004041541717887,217.7598851674814,12.758376,77.32484,Bengaluru - Mysuru Road,service
2023-11-29 09:41:53,12.758338987,77.324807065,662.2472,5.873409906886852,0.1253623818128852,243.10241769545928,12.75834,77.324806,Bengaluru - Mysuru Road,service
