timestamp,latitude,longitude,altitude,speed,acceleration,bearing
2023-11-29 04:05:52,12.900590039,77.466788003,691.6596,,,
2023-11-29 04:05:53,12.900577183,77.466781293,689.1231,1.6038942457732137,,206.9652210631051
2023-11-29 04:05:54,12.900549385,77.466747301,682.3093,4.809217578506999,3.2053233327337853,230.00480774166883
2023-11-29 04:05:55,12.90054374,77.466745026,685.3542,0.6743921624193168,-4.134825416087683,201.4468423437912
2023-11-29 04:05:56,12.900538773,77.466733496,683.8406,1.3663209181528277,0.691928755733511,246.15724128746177
2023-11-29 04:05:57,12.900528304,77.466714666,685.5898,2.349597719513744,0.9832768013609161,240.30081258478614
2023-11-29 04:05:58,12.900522775,77.466696617,684.4936,2.0506302474520286,-0.29896747206171526,252.55388959686258
2023-11-29 04:05:59,12.900519272,77.466703951,690.4833,0.8852229948599597,-1.165407252592069,116.10515682048452
2023-11-29 04:06:00,12.900521605,77.466673327,689.502,3.3294044380524745,2.444181443192515,274.4688578783485
2023-11-29 04:06:01,12.900521844,77.466650553,692.3434,2.468577593855022,-0.8608268441974527,270.61683484862937
2023-11-29 04:06:02,12.90046684,77.466607405,684.6603,7.699309010835295,5.230731416980273,217.4034095777587
2023-11-29 04:06:03,12.900402654,77.466591023,681.6383,7.354715147381583,-0.3445938634537118,193.9707039188666
2023-11-29 04:06:04,12.900502772,77.466550666,693.53,11.961143204565417,4.606428057183834,338.54914743895864
2023-11-29 04:06:05,12.900481643,77.466515073,691.2806,4.516965109766923,-7.444178094798494,238.65860802840905
2023-11-29 04:06:06,12.900457119,77.466488987,691.5721,3.928169174909833,-0.5887959348570897,226.0363118633822
2023-11-29 04:06:07,12.900407083,77.466456381,689.2782,6.591299981298333,2.6631308063884997,212.42383189930658
2023-11-29 04:06:08,12.900418378,77.466407466,693.3979,5.448544875812845,-1.1427551054854872,283.32713317159494
2023-11-29 04:06:09,12.900412182,77.466354935,692.1608,5.73527888324541,0.28673400743256483,263.1005543916239
2023-11-29 04:06:10,12.900358689,77.466315018,685.4679,7.355230378888742,1.619951495643332,216.0312185150545
2023-11-29 04:06:11,12.900354404,77.466287111,686.1706,3.0620907719006074,-4.2931396069881345,261.0482379018681
2023-11-29 04:06:12,12.90027613,77.46627758,684.6873,8.76476423515958,5.702673463258973,186.7688404856909
2023-11-29 04:06:13,12.900252988,77.466245284,685.3605,4.344572832506981,-4.420191402652599,233.67989636652808
2023-11-29 04:06:14,12.90023113,77.466227638,685.3426,3.09280542326733,-1.2517674092396511,218.20011444365508
2023-11-29 04:06:15,12.900212927,77.46618919,682.5997,4.632865057543589,1.5400596342762594,244.09398922533708
2023-11-29 04:06:16,12.900200951,77.46616133,683.9616,3.3002940591281975,-1.3325709984153917,246.20280564899696
2023-11-29 04:06:17,12.900181715,77.466133657,682.7587,3.683976731238457,0.3836826721102593,234.50669998331978
2023-11-29 04:06:18,12.900158941,77.466103265,682.2076,4.1550184329351145,0.4710417016966577,232.44891433680948
2023-11-29 04:06:19,12.900131288,77.466067972,682.5719,4.907970266454699,0.7529518335195844,231.2071872347986
2023-11-29 04:06:20,12.900107536,77.466040118,683.4671,4.011245835606241,-0.8967244308484581,228.82018856622068
2023-11-29 04:06:21,12.900085115,77.465997204,683.9516,5.277396319095058,1.2661504834888175,241.8090738989801
2023-11-29 04:06:22,12.900056207,77.465962804,684.1421,4.922875108647316,-0.354521210447742,229.23512741768883
2023-11-29 04:06:23,12.900024762,77.465919802,682.0186,5.826651919491386,0.9037768108440698,233.12355147853165
2023-11-29 04:06:24,12.900000813,77.465879537,681.8049,5.112572430355937,-0.7140794891354494,238.60909216812325
2023-11-29 04:06:25,12.899998636,77.465829348,683.6436,5.445293727680752,0.3327212973248148,267.4520733675058
2023-11-29 04:06:26,12.899951264,77.465790786,683.3407,6.724324264824601,1.279030537143849,218.43130903004075
2023-11-29 04:06:27,12.8999168,77.46573519,682.1629,7.141303993519422,0.41697972869482136,237.5456367667132
2023-11-29 04:06:28,12.899878387,77.465681741,682.9671,7.197646781693961,0.05634278817453886,233.59890641554998
2023-11-29 04:06:29,12.89984226,77.465628769,682.1815,7.007346438966337,-0.19030034272762375,235.02106143595188
2023-11-29 04:06:30,12.899803262,77.465572612,682.8388,7.473489610860403,0.46614317189406584,234.53293794568572
2023-11-29 04:06:31,12.899765313,77.465520013,683.3284,7.092889095658425,-0.38060051520197824,233.4927279451553
2023-11-29 04:06:32,12.899727346,77.465456837,684.1114,8.044385073862491,0.9514959782040666,238.34485443465599
2023-11-29 04:06:33,12.899682408,77.465386755,684.4194,9.092271237520455,1.0478861636579637,236.66220219683743
2023-11-29 04:06:34,12.899631727,77.465305882,683.774,10.420954122384325,1.3286828848638699,237.26308314407808
2023-11-29 04:06:35,12.89957604,77.465213232,683.2429,11.797806525217952,1.3768524028336273,238.34167546867133
2023-11-29 04:06:36,12.899514864,77.465121345,685.1265,12.060901939466435,0.2630954142484825,235.66648683447588
2023-11-29 04:06:37,12.899450407,77.465021756,684.4065,12.957141249392823,0.8962393099263881,236.4163669128171
2023-11-29 04:06:38,12.899386541,77.464920256,684.2063,13.094443637871688,0.1373023884788651,237.1572765177594
2023-11-29 04:06:39,12.899318666,77.464819887,684.2544,13.24056135249954,0.14611771462785228,235.2485442269674
2023-11-29 04:06:40,12.899246565,77.464713975,684.4713,14.002124775653302,0.7615634231537616,235.07003350918376
2023-11-29 04:06:41,12.899173219,77.464599106,683.6561,14.883913735648775,0.8817889599954736,236.77323717387844
2023-11-29 04:06:42,12.89910593,77.464492037,685.4945,13.808016496990783,-1.0758972386579924,237.18875841126555
2023-11-29 04:06:43,12.89902436,77.464377415,684.8714,15.382380367220925,1.5743638702301421,233.86807023576125
2023-11-29 04:06:44,12.898947864,77.464264037,684.7022,14.94553639655708,-0.43684397066384584,235.3103672120942
2023-11-29 04:06:45,12.898864734,77.464139367,682.9223,16.37198762013749,1.4264512235804094,235.62545213196393
2023-11-29 04:06:46,12.898779522,77.464015058,681.8934,16.47178502923061,0.09979740909312085,234.88394481900536
2023-11-29 04:06:47,12.898695346,77.463884613,681.3595,16.956251917684725,0.484466888454115,236.49530752992047
2023-11-29 04:06:48,12.898609592,77.463766503,681.8728,15.96280078002295,-0.9934511376617738,233.3195356059319
2023-11-29 04:06:49,12.898530386,77.463634807,681.7144,16.772820459023524,0.8100196790005736,238.32545133015003
2023-11-29 04:06:50,12.898440244,77.463511672,681.7681,16.69120227062552,-0.08161818839800361,233.0931554321877
2023-11-29 04:06:51,12.898349191,77.463381179,682.4643,17.394303241034944,0.7031009704094231,234.40403237261762
2023-11-29 04:06:52,12.898260126,77.463246981,683.1433,17.597040535575115,0.20273729454017086,235.7505072992244
2023-11-29 04:06:53,12.898170983,77.463115187,682.3614,17.387222491999395,-0.20981804357571932,235.24364239405423
2023-11-29 04:06:54,12.898074313,77.462978461,682.8944,18.307573252193308,0.9203507601939123,234.0452938044479
2023-11-29 04:06:55,12.897980933,77.462843527,683.9505,17.936477302337515,-0.37109594985579264,234.6269775981158
2023-11-29 04:06:56,12.897889061,77.462709235,683.6874,17.782932163788153,-0.15354513854936158,234.93772965994765
2023-11-29 04:06:57,12.897795196,77.462577329,683.9941,17.701635052130037,-0.0812971116581167,233.869672367307
2023-11-29 04:06:58,12.897694802,77.462436359,681.9073,18.92319981418742,1.2215647620573833,233.84819902794516
2023-11-29 04:06:59,12.897619424,77.462298347,683.2747,17.14716779206293,-1.7760320221244896,240.73783324191172
2023-11-29 04:07:00,12.897549801,77.462184783,689.3919,14.541302543576824,-2.605865248486106,237.83255864470493
2023-11-29 04:07:01,12.897432921,77.462035943,685.1041,20.71647302978905,6.175170486212226,231.14519477409564
2023-11-29 04:07:02,12.897349089,77.461897123,685.9899,17.700157916013165,-3.0163151137758852,238.22099053095627
2023-11-29 04:07:03,12.897234113,77.46177091,684.2925,18.724242611200104,1.0240846951869393,226.93787072586684
2023-11-29 04:07:04,12.89713615,77.461662449,686.7017,16.026917482252305,-2.6973251289477993,227.18227974263937
2023-11-29 04:07:05,12.897030546,77.461535104,686.1162,18.12206471870383,2.095147236451524,229.61098103998594
2023-11-29 04:07:06,12.896924301,77.461420587,687.4727,17.135866044036632,-0.9861986746671967,226.41535429990242
2023-11-29 04:07:07,12.896794742,77.461298928,684.6351,19.530183107957665,2.394317063921033,222.4689902791905
2023-11-29 04:07:08,12.896678399,77.461184881,684.3039,17.89321984331045,-1.636963264647214,223.69750400068352
2023-11-29 04:07:09,12.896559277,77.461074935,686.1066,17.81757913895853,-0.0756407043519225,221.97732254117972
2023-11-29 04:07:10,12.896427172,77.460973154,686.3683,18.370755234198974,0.5531760952404454,216.90731072569767
2023-11-29 04:07:11,12.896300367,77.460872571,688.3997,17.823299075519063,-0.5474561586799105,217.71126448707147
2023-11-29 04:07:12,12.896208221,77.460756887,690.7192,16.192916543818686,-1.630382531700377,230.74625180418164
2023-11-29 04:07:13,12.896062199,77.46065551,689.6542,19.60559089810019,3.412674354281503,214.08805465655055
2023-11-29 04:07:14,12.895937432,77.460554454,690.9033,17.676301011019323,-1.9292898870808664,218.29209218041433
2023-11-29 04:07:15,12.895774552,77.460465335,687.4138,20.526383656124167,2.8500826451048447,208.07300306933766
2023-11-29 04:07:16,12.895645575,77.460370945,688.5293,17.616861545665728,-2.9095221104584397,215.50321575564783
2023-11-29 04:07:17,12.895520514,77.460267359,689.7039,17.87296499349049,0.25610344782476346,218.91718056690334
2023-11-29 04:07:18,12.895387814,77.460161745,688.1874,18.675469835999657,0.8025048425091654,217.8047635190862
2023-11-29 04:07:19,12.89525268,77.460057832,690.0924,18.77888376819667,0.10341393219701445,216.85410073540785
2023-11-29 04:07:20,12.895121469,77.459957565,690.0277,18.192894874387637,-0.5859888938090343,216.6822087562907
2023-11-29 04:07:21,12.89497529,77.459847473,688.6749,20.16431122038978,1.9714163460021439,216.2838129196317
2023-11-29 04:07:22,12.894848107,77.459745812,688.7299,17.928185680637117,-2.2361255397526634,217.92467311862652
2023-11-29 04:07:23,12.89471254,77.459644796,688.9182,18.631194604180962,0.7030089235438446,215.99263587599657
2023-11-29 04:07:24,12.894564583,77.459536047,690.7213,20.23890261471594,1.607708010534978,215.62042931085557
2023-11-29 04:07:25,12.894436375,77.459439889,689.6736,17.65976880873917,-2.5791338059767703,216.1706294775417
2023-11-29 04:07:26,12.894301096,77.459333192,687.9413,18.974216567006078,1.3144477582669083,217.55414359806937
2023-11-29 04:07:27,12.894155008,77.459219058,688.3643,20.41860798941587,1.4443914224097938,217.2917544307063
2023-11-29 04:07:28,12.894017004,77.459125783,688.2525,18.376486774270212,-2.0421212151456594,213.3786290235162
2023-11-29 04:07:29,12.89388179,77.459005593,686.7403,19.89399564506434,1.5175088707941278,220.9080836714939
2023-11-29 04:07:30,12.89374554,77.458919085,685.4724,17.817251069776407,-2.0767445752879325,211.7538614855971
2023-11-29 04:07:31,12.893622347,77.458799481,688.8271,18.860358362654377,1.0431072928779699,223.42221343638872
2023-11-29 04:07:32,12.893471895,77.458724901,688.0464,18.580213415012647,-0.28014494764173037,205.79019932657434
2023-11-29 04:07:33,12.893299847,77.45857096,689.1461,25.385200634443052,6.804987219430405,221.09484328926078
2023-11-29 04:07:34,12.893175239,77.45847227,687.5099,17.504616192814943,-7.880584441628109,217.66942095903516
2023-11-29 04:07:35,12.89304452,77.458327558,686.9031,21.38483279472947,3.880216601914526,227.17974316745637
2023-11-29 04:07:36,12.892906656,77.458212108,683.6981,19.78881888963594,-1.5960139050935283,219.22501311866333
2023-11-29 04:07:37,12.892783203,77.45809663,688.6447,18.577176127834406,-1.211642761801535,222.3591410750101
2023-11-29 04:07:38,12.892652283,77.457966382,687.0838,20.278980341862184,1.7018042140277778,224.1212411348175
2023-11-29 04:07:39,12.892529626,77.457839221,686.573,19.390575017876685,-0.8884053239854985,225.30164220605917
2023-11-29 04:07:40,12.89241187,77.457696376,684.767,20.277562975510804,0.8869879576341191,229.77944101326207
2023-11-29 04:07:41,12.892303922,77.457545269,683.6754,20.3062135018324,0.028650526321595038,233.76397590729013
2023-11-29 04:07:42,12.892196388,77.457391328,683.6679,20.52794258346854,0.22172908163614125,234.3744453686483
2023-11-29 04:07:43,12.892079398,77.457220462,683.9851,22.632603176648846,2.1046605931803057,234.91601855480116
2023-11-29 04:07:44,12.891973542,77.457043706,684.2388,22.485833973703503,-0.14676920294534312,238.4347462950275
2023-11-29 04:07:45,12.891870336,77.45686065,684.8039,22.92150629911802,0.43567232541451517,239.95605028226538
2023-11-29 04:07:46,12.891749632,77.456680615,684.8212,23.684417257906457,0.7629109587884386,235.4804364447774
2023-11-29 04:07:47,12.891625603,77.456493203,683.0629,24.55321533691932,0.868798079012862,235.82698550032575
2023-11-29 04:07:48,12.891504467,77.456310816,685.4079,23.921936536706866,-0.6312788002124528,235.73169149448125
2023-11-29 04:07:49,12.891393045,77.456123842,684.8909,23.75359366331929,-0.16834287338757647,238.56126905122085
2023-11-29 04:07:50,12.891274267,77.455943635,684.2568,23.57918797954717,-0.17440568377211818,235.93493691737467
2023-11-29 04:07:51,12.891159463,77.455762435,684.8812,23.42472279339239,-0.15446518615478055,236.9778407975649
2023-11-29 04:07:52,12.891043406,77.45558897,685.2632,22.804899542644005,-0.6198232507483858,235.53625244357715
2023-11-29 04:07:53,12.890938974,77.455407994,684.1676,22.79582792379452,-0.00907161884948593,239.37581539354744
2023-11-29 04:07:54,12.890820763,77.455236319,682.7009,22.78255413595578,-0.013273787838738116,234.76350053876115
2023-11-29 04:07:55,12.890696825,77.455080531,685.6139,21.796079162508416,-0.9864749734473648,230.78130348953977
2023-11-29 04:07:56,12.890595574,77.454914358,685.4835,21.24111842441574,-0.554960738092678,237.9920038316056
2023-11-29 04:07:57,12.890460949,77.454758142,684.7413,22.6009814621674,1.359863037751662,228.5211571802259
2023-11-29 04:07:58,12.890353163,77.454606523,685.6977,20.340486922417842,-2.2604945397495584,233.89752226334917
2023-11-29 04:07:59,12.890249605,77.454439149,680.4423,21.48801050431746,1.1475235818996197,237.59600026596266
2023-11-29 04:08:00,12.890127237,77.454283657,680.4866,21.661175936305405,0.1731654319879432,231.0854604657256
2023-11-29 04:08:01,12.890006301,77.454138476,678.7755,20.6996193921217,-0.9615565441837042,229.48493630444145
2023-11-29 04:08:02,12.889881832,77.453991956,672.738,21.066170951257227,0.3665515591355266,228.92909320016165
2023-11-29 04:08:03,12.889783155,77.453845779,682.4132,19.272854146735426,-1.793316804521801,235.29733842071604
2023-11-29 04:08:04,12.889681672,77.453698399,685.9234,19.55854467567472,0.2856905289392948,234.76337849899528
2023-11-29 04:08:05,12.889551439,77.453519876,679.908,24.169276992045134,4.610732316370413,233.19030394753855
2023-11-29 04:08:06,12.889403635,77.45333607,687.4213,25.827285602256808,1.6580086102116738,230.48023458917922
2023-11-29 04:08:07,12.88930863,77.453220342,683.3139,16.399833829747717,-9.427451772509091,229.89748476482586
2023-11-29 04:08:08,12.889088842,77.453085035,678.8288,28.502313723591232,12.102479893843515,210.96854523849638
2023-11-29 04:08:09,12.888945264,77.452897892,682.0489,25.81411769451048,-2.6881960290807534,231.7958461143383
2023-11-29 04:08:10,12.888817162,77.452794807,691.0129,18.103922111927904,-7.710195582582575,218.1118983738101
2023-11-29 04:08:11,12.888672744,77.452654845,686.1754,22.09151013283719,3.9875880209092855,223.372010452253
2023-11-29 04:08:12,12.888560121,77.452556977,688.4355,16.41228559248879,-5.6792245403484,220.26774607060574
2023-11-29 04:08:13,12.888393504,77.452409052,689.5636,24.501857533765083,8.089571941276294,220.8744696495444
2023-11-29 04:08:14,12.88821221,77.452307953,686.8947,22.944988570713257,-1.5568689630518264,208.52865316951855
2023-11-29 04:08:15,12.888047807,77.452174577,686.6899,23.306542716710617,0.3615541459973599,218.3382535797386
2023-11-29 04:08:16,12.887923033,77.452072482,695.2488,17.747136279600202,-5.559406437110415,218.57679419812456
2023-11-29 04:08:17,12.887815345,77.451950642,688.2192,17.82700391862957,0.07986763902936644,227.80177637570617
2023-11-29 04:08:18,12.887609673,77.451817224,689.4862,27.05850666158554,9.231502742955971,212.30730548033708
2023-11-29 04:08:19,12.887471112,77.451713162,693.4518,19.094910045894544,-7.963596615690996,216.20790770441778
2023-11-29 04:08:20,12.887320622,77.451575419,693.6554,22.426271043225448,3.331360997330904,221.74065424657437
2023-11-29 04:08:21,12.887107419,77.451475085,694.4051,26.08265787367791,3.656386830452462,204.64325940896242
2023-11-29 04:08:22,12.886989616,77.451386732,693.4589,16.226650396986454,-9.856007476691456,216.1711050958639
2023-11-29 04:08:23,12.886885751,77.451284878,696.367,15.977339755632146,-0.2493106413543078,223.7095127133558
2023-11-29 04:08:24,12.88670244,77.451127749,697.544,26.562412938453438,10.585073182821292,219.88153356684154
2023-11-29 04:08:25,12.886580978,77.451007309,693.8361,18.784145696833942,-7.778267241619496,224.02734234515088
2023-11-29 04:08:26,12.886409594,77.450878627,691.0237,23.61627288489422,4.8321271880602765,216.20150806028167
2023-11-29 04:08:27,12.88625605,77.450761562,689.2098,21.272368270246545,-2.3439046146476734,216.62040537701915
2023-11-29 04:08:28,12.886106201,77.450655452,689.0568,20.246658590876518,-1.0257096793700278,214.6165162804454
2023-11-29 04:08:29,12.885940335,77.450532401,683.7281,22.761039593776907,2.5143810029003895,215.8739564764977
2023-11-29 04:08:30,12.88577293,77.450406436,679.652,23.08533322067647,0.3242936268995642,216.26032020479303
2023-11-29 04:08:31,12.885651813,77.450291327,676.0058,18.359105611192323,-4.726227609484148,222.81391999715845
2023-11-29 04:08:32,12.885502044,77.450171613,677.0176,21.1122468305682,2.753141219375877,217.92556371649212
2023-11-29 04:08:33,12.885356582,77.450057444,678.0038,20.365843470504437,-0.7464033600637627,217.41986716812187
2023-11-29 04:08:34,12.885209124,77.449946815,677.8781,20.31370834917278,-0.052135121331655654,216.1798299017956
2023-11-29 04:08:35,12.885049996,77.449817852,678.0048,22.549862725885855,2.236154376713074,218.30974226199382
2023-11-29 04:08:36,12.8848913,77.449698435,678.3377,21.884709477443394,-0.6651532484424614,216.26159337431548
2023-11-29 04:08:37,12.884735459,77.449569022,678.3201,22.29488946090961,0.41017998346621454,218.99043629580476
2023-11-29 04:08:38,12.884579069,77.449440185,677.5647,22.30322857743684,0.008339116527231738,218.76711487225717
2023-11-29 04:08:39,12.884429796,77.449324423,677.637,20.807699433389217,-1.495529144047623,217.08853695144123
2023-11-29 04:08:40,12.884267375,77.449199525,678.3351,22.57132558521825,1.7636261518290333,216.85581794777374
2023-11-29 04:08:41,12.884112782,77.4490757,677.2576,21.809313499741805,-0.7620120854764458,217.9830113813376
2023-11-29 04:08:42,12.883952872,77.448968751,679.755,21.226468392604506,-0.5828451071372989,213.10312149609874
2023-11-29 04:08:43,12.883792703,77.44883985,677.7408,22.636699708407004,1.4102313158024984,218.11490874651815
2023-11-29 04:08:44,12.883628387,77.448721992,681.0797,22.29441983554562,-0.34227987286138273,214.9615244138664
2023-11-29 04:08:45,12.883454866,77.448617458,681.0273,22.37578847681648,0.08136864127085985,210.42413267790175
2023-11-29 04:08:46,12.883304936,77.448516475,682.1,19.94379659132265,-2.431991885493833,213.28806133005452
2023-11-29 04:08:47,12.883139353,77.448420309,681.7412,21.157997655977724,1.2142010646550752,209.5164728127889
2023-11-29 04:08:48,12.882993878,77.448310438,682.8548,20.08738928966079,-1.0706083663169323,216.36218223843957
2023-11-29 04:08:49,12.882821352,77.448204635,681.272,22.35073857165861,2.2633492819978187,210.87188890926433
2023-11-29 04:08:50,12.88266343,77.448127447,682.2758,19.451541886337615,-2.8991966853209945,205.4763952090509
2023-11-29 04:08:51,12.882502628,77.448018879,683.2602,21.405638683973617,1.9540967976360015,213.35177101737332
2023-11-29 04:08:52,12.882349241,77.44792253,682.1851,19.99940932384606,-1.4062293601275577,211.4805046071152
2023-11-29 04:08:53,12.882181089,77.447840269,685.21,20.71499504433758,0.7155857204915215,205.49615656068454
2023-11-29 04:08:54,12.88203577,77.44774016,686.8658,19.464287296164024,-1.2507077481735571,213.88344619970295
2023-11-29 04:08:55,12.881868534,77.44765666,686.7252,20.68153408768248,1.2172467915184555,205.95348874113952
2023-11-29 04:08:56,12.881708118,77.447564442,686.6758,20.447406379757645,-0.23412770792483428,209.26626448222072
2023-11-29 04:08:57,12.881547679,77.447467513,684.5569,20.704050433845424,0.25664405408777924,210.4957071564739
2023-11-29 04:08:58,12.881391294,77.447373924,685.8733,20.13207169969205,-0.5719787341533724,210.2589336544305
2023-11-29 04:08:59,12.881232992,77.447284447,685.5497,20.09762152108021,-0.03445017861184141,208.8550008145235
2023-11-29 04:09:00,12.881095955,77.447182707,685.0859,18.809944071857995,-1.2876774492222154,215.8949139219981
2023-11-29 04:09:01,12.880940354,77.447090007,684.6876,20.00826090958936,1.1983168377313653,210.14642026132273
2023-11-29 04:09:02,12.880793277,77.44700744,685.2384,18.643037258338254,-1.3652236512511067,208.69010329937137
2023-11-29 04:09:03,12.880648293,77.446900622,686.4304,19.848661800607935,1.2056245422696819,215.68658440983216
2023-11-29 04:09:04,12.880489754,77.446820054,687.1114,19.673411726724417,-0.1752500738835181,206.35395011930848
2023-11-29 04:09:05,12.880360164,77.446732844,687.8608,17.233856043828975,-2.439555682895442,213.26628488426442
2023-11-29 04:09:06,12.880200235,77.446637421,687.2739,20.572675441007206,3.3388193971782307,210.18423615432812
2023-11-29 04:09:07,12.880061935,77.446550054,690.8545,18.060397894667286,-2.51227754633992,211.62584661523593
2023-11-29 04:09:08,12.879917209,77.446467572,690.2758,18.409679046692855,0.34928115202556853,209.0556254165009
2023-11-29 04:09:09,12.879764629,77.446377771,688.5703,19.560254109589714,1.1505750628968592,209.84472057940368
2023-11-29 04:09:10,12.879631678,77.446279295,692.3077,18.23449489066263,-1.3257592189270824,215.83148935733297
2023-11-29 04:09:11,12.879483799,77.446201433,693.4327,18.482949053127367,0.24845416246473562,207.1704454385874
2023-11-29 04:09:12,12.87932924,77.4460874,692.703,21.169697271201336,2.6867482180739692,215.7249846010621
2023-11-29 04:09:13,12.879179935,77.44600742,693.9688,18.72932246048574,-2.4403748107155963,207.573810433493
2023-11-29 04:09:14,12.879028058,77.445912759,692.2055,19.7608565512449,1.031534090759159,211.2826296218626
2023-11-29 04:09:15,12.87888915,77.445818686,692.1576,18.50836105867706,-1.2524954925678387,213.43261771895553
2023-11-29 04:09:16,12.87874956,77.445758769,700.0993,16.825766314275103,-1.6825947444019569,202.70627531030217
2023-11-29 04:09:17,12.87859255,77.44564503,694.9366,21.373165712313757,4.547399398038653,215.2291049165234
2023-11-29 04:09:18,12.878451925,77.445532482,690.6512,19.833002882934014,-1.5401628293797422,217.96167348935927
2023-11-29 04:09:19,12.87830054,77.445440348,690.6915,19.572961911636774,-0.26004097129724,210.68057779709673
2023-11-29 04:09:20,12.878149126,77.445364415,690.9222,18.74074979478419,-0.8322121168525847,206.05300192149764
2023-11-29 04:09:21,12.87800678,77.445265069,691.09,19.144183954530344,0.4034341597461548,214.22997494119357
2023-11-29 04:09:22,12.877857197,77.445174905,691.3535,19.291855398891723,0.1476714443613787,210.4388307330668
2023-11-29 04:09:23,12.877708015,77.445070138,689.5094,20.10328858086906,0.8114331819773355,214.3960424364769
2023-11-29 04:09:24,12.877555548,77.444976796,690.6074,19.743330581883736,-0.35995799898532255,210.82931225775542
2023-11-29 04:09:25,12.877394505,77.444880785,689.9921,20.71185713693929,0.9685265550555542,210.16463963875034
2023-11-29 04:09:26,12.8772417,77.444785819,691.13,19.86626500755634,-0.8455921293829505,211.20976502718074
2023-11-29 04:09:27,12.877094533,77.444674465,689.5977,20.33438094425164,0.4681159366953018,216.4132736348347
2023-11-29 04:09:28,12.876965279,77.444586379,690.7705,17.255063828370066,-3.079317115881576,213.5983304361705
2023-11-29 04:09:29,12.876802622,77.444478741,690.722,21.52356427908164,4.268500450711574,212.826323159472
2023-11-29 04:09:30,12.87664544,77.444376791,692.8822,20.67860522276633,-0.8449590563153109,212.30516932321373
2023-11-29 04:09:31,12.876500123,77.444272083,692.5399,19.74651102868539,-0.9320941940809391,215.0853209611113
2023-11-29 04:09:32,12.876359206,77.444151267,690.0428,20.42152245138847,0.6750114227030792,219.88874879984076
2023-11-29 04:09:33,12.876223894,77.444033707,690.1239,19.717391809139357,-0.7041306422491118,220.2632593067998
2023-11-29 04:09:34,12.876075398,77.443909809,689.0001,21.28430830429288,1.5669164951535208,219.12394933766342
2023-11-29 04:09:35,12.875930934,77.443786274,687.4919,20.91319419872841,-0.37111410556446955,219.81541362969045
2023-11-29 04:09:36,12.875786141,77.443647065,687.8659,22.06647580732393,1.1532816085955204,223.1450703147001
2023-11-29 04:09:37,12.875647926,77.443510672,685.8916,21.325864404523156,-0.7406114028007735,223.89059328111506
2023-11-29 04:09:38,12.875502979,77.443378286,684.0604,21.5802469874207,0.254382582897545,221.6811147288249
2023-11-29 04:09:39,12.875384686,77.443237936,687.7171,20.11161244816326,-1.4686345392574403,229.1539372421648
2023-11-29 04:09:40,12.875238265,77.443084433,686.2839,23.27995116981241,3.1683387216491496,225.62362956041216
2023-11-29 04:09:41,12.875103517,77.442915735,685.2117,23.641146704364008,0.36119553455159803,230.67043570789716
2023-11-29 04:09:42,12.874979815,77.44276191,687.1214,21.615751010280484,-2.0253956940835245,230.48034334362148
2023-11-29 04:09:43,12.874829174,77.442600504,685.1983,24.22190176135735,2.6061507510768678,226.24755005932985
2023-11-29 04:09:44,12.874690822,77.442442745,686.05,23.00244299589879,-1.2194587654585618,228.0254797536907
2023-11-29 04:09:45,12.874569365,77.442273417,685.1842,22.788250997413165,-0.21419199848562442,233.65490314461914
2023-11-29 04:09:46,12.8744501,77.442098584,685.8801,23.13099684544394,0.34274584803077346,235.01734992801772
2023-11-29 04:09:47,12.874317331,77.441925821,685.8641,23.846806126866603,0.7158092814226649,231.7505521078177
2023-11-29 04:09:48,12.874182664,77.441756555,685.6443,23.683161050699983,-0.16364507616662038,230.781799165833
2023-11-29 04:09:49,12.874064027,77.44158839,685.8633,22.501603974377822,-1.1815570763221608,234.1078330069368
2023-11-29 04:09:50,12.873921283,77.441410895,685.393,24.942472116616173,2.440868142238351,230.47904272778527
2023-11-29 04:09:51,12.87379301,77.441227675,682.7771,24.452030649040548,-0.490441467575625,234.31577536593846
2023-11-29 04:09:52,12.873658825,77.441061263,686.2672,23.410125401601864,-1.0419052474386845,230.40473315435656
2023-11-29 04:09:53,12.873528366,77.440885538,685.7609,23.943335923275153,0.5332105216732899,232.709058483628
2023-11-29 04:09:54,12.873398267,77.440717335,687.1525,23.274985029132555,-0.6683508941425984,231.57129211371807
2023-11-29 04:09:55,12.873263911,77.440541398,686.7988,24.226429784400406,0.9514447552678504,231.92667437106786
2023-11-29 04:09:56,12.873130802,77.440375324,686.8491,23.30576603956122,-0.9206637448391852,230.57403796825326
2023-11-29 04:09:57,12.873001404,77.440211198,688.3381,22.881343476188132,-0.4244225633730885,231.03640220628282
2023-11-29 04:09:58,12.872867649,77.440065068,687.2084,21.728429757885817,-1.1529137183023153,226.8045605099459
2023-11-29 04:09:59,12.872715421,77.439906633,689.9169,24.113950974812266,2.385521216926449,225.41570953161335
2023-11-29 04:10:00,12.87257444,77.439763958,689.4456,22.021497732145562,-2.0924532426667035,224.61301322081988
2023-11-29 04:10:01,12.87241096,77.439632849,690.1036,23.074522649103557,1.0530249169579946,218.01947199233354
2023-11-29 04:10:02,12.872260604,77.43950641,689.5563,21.618853433744487,-1.4556692153590696,219.34482218122443
2023-11-29 04:10:03,12.872083356,77.439404677,689.5722,22.584566055849823,0.965712622105336,209.2285368381981
2023-11-29 04:10:04,12.871914042,77.439306126,688.1162,21.646635687384197,-0.9379303684656257,209.57203832081098
2023-11-29 04:10:05,12.871739879,77.439220261,689.0239,21.486721443390746,-0.15991424399345178,205.6701643178083
2023-11-29 04:10:06,12.871561036,77.439141324,692.8158,21.64924094044664,0.16251949705589297,203.28148638836103
2023-11-29 04:10:07,12.871388798,77.439046344,687.0862,21.744070413698108,0.09482947325146895,208.26202456485288
2023-11-29 04:10:08,12.871213977,77.438973713,689.4201,20.973105515040235,-0.7709648986578728,202.04893767947416
2023-11-29 04:10:09,12.871037897,77.438899255,689.1451,21.177615683652245,0.20451016861201055,202.4034009861806
2023-11-29 04:10:10,12.87086672,77.438820745,690.4301,20.850022934168933,-0.32759274948331196,204.09058236468783
2023-11-29 04:10:11,12.870681325,77.438786719,699.5587,20.94235564754475,0.09233271337581783,190.14409509860118
2023-11-29 04:10:12,12.870510115,77.438669938,691.8672,22.862388791500187,1.9200331439554361,213.62213285877394
2023-11-29 04:10:13,12.870318186,77.438587299,689.2637,23.145406754078437,0.2830179625782492,202.77039219054328
2023-11-29 04:10:14,12.870144061,77.438518667,688.9715,20.74200137840222,-2.403405375676215,201.0193454331079
2023-11-29 04:10:15,12.869965037,77.43843722,688.8394,21.776637211111936,1.0346358327097143,203.91829113131826
2023-11-29 04:10:16,12.869789952,77.438357803,687.2576,21.28705144176785,-0.48958576934408526,203.85484064166903
2023-11-29 04:10:17,12.869601702,77.438276352,688.6303,22.718404574256027,1.4313531324881765,202.87029251523663
2023-11-29 04:10:18,12.86941796,77.438203175,691.7763,21.91706574013407,-0.8013388341219567,201.21896791180652
2023-11-29 04:10:19,12.869227801,77.438128292,691.6364,22.649327006072234,0.7322612659381633,201.00178930534156
2023-11-29 04:10:20,12.869046477,77.438047738,691.6689,21.972029261266343,-0.677297744805891,203.41722303470297
2023-11-29 04:10:21,12.868855913,77.437966317,690.2301,22.954459394082697,0.9824301328163543,202.61326488141742
2023-11-29 04:10:22,12.868675428,77.437889522,690.4571,21.727093531997426,-1.2273658620852714,202.52893774372384
2023-11-29 04:10:23,12.868488332,77.437802136,691.0591,22.85926687024895,1.1321733382515227,204.4813964846666
2023-11-29 04:10:24,12.868300027,77.437734438,690.4963,22.187350619385647,-0.6719162508633012,199.31470625849306
2023-11-29 04:10:25,12.868114306,77.437642658,689.6132,22.922896674705733,0.7355460553200857,205.723415408293
2023-11-29 04:10:26,12.867908235,77.437567522,688.9218,24.318580765650953,1.3956840909452204,199.5680299774364
2023-11-29 04:10:27,12.867724855,77.437477373,689.8032,22.611702075118544,-1.7068786905324096,205.60612446480738
2023-11-29 04:10:28,12.867536238,77.437389633,689.4006,23.02913308489133,0.4174310097727876,204.39399696116203
2023-11-29 04:10:29,12.867343606,77.437296021,688.8236,23.70192184121132,0.6727887563199886,205.34970138764578
2023-11-29 04:10:30,12.867162592,77.437192216,688.0735,23.059792259129477,-0.6421295820818429,209.20797247448365
2023-11-29 04:10:31,12.866971753,77.437092468,687.8116,23.816431233264932,0.7566389741354556,207.0014259532355
2023-11-29 04:10:32,12.866796784,77.43696727,687.6461,23.72165958298213,-0.09477165028280155,214.89874106575414
2023-11-29 04:10:33,12.866622824,77.436840247,686.7285,23.743913029220288,0.022253446238156727,215.44520305503292
2023-11-29 04:10:34,12.866443851,77.436706479,686.7147,24.62356709675547,0.8796540675351814,216.07909264963575
2023-11-29 04:10:35,12.86628071,77.436571015,685.6696,23.339167320788658,-1.2843997759668113,218.99021535999668
2023-11-29 04:10:36,12.866107248,77.4364307,684.7564,24.56404843832374,1.2248811175350838,218.25931600877936
2023-11-29 04:10:37,12.865939282,77.436292269,685.6208,23.95871544332638,-0.6053329949973616,218.78081242160386
2023-11-29 04:10:38,12.865782633,77.436149639,685.7467,23.29091061407779,-0.6678048292485883,221.59380707208268
2023-11-29 04:10:39,12.865613937,77.435977095,677.7922,26.490004885222262,3.199094271144471,224.91774710549257
2023-11-29 04:10:40,12.865446975,77.435871735,684.7109,21.797233441737006,-4.692771443485256,211.59982847409967
2023-11-29 04:10:41,12.865295198,77.435736841,685.4275,22.330673962620473,0.5334405208834667,220.90740138576746
2023-11-29 04:10:42,12.865142446,77.435607381,684.5744,22.032921683010674,-0.29775227960979933,219.5649593520215
2023-11-29 04:10:43,12.864992553,77.435476265,683.7406,21.90484816902139,-0.12807351398928546,220.45664345841806
2023-11-29 04:10:44,12.864840412,77.435351133,685.6068,21.68405524874071,-0.22079292028067954,218.72362607519642
2023-11-29 04:10:45,12.864694082,77.435228655,685.2079,21.000741128446805,-0.6833141202939039,219.21406226215407
2023-11-29 04:10:46,12.864544904,77.435113285,686.4622,20.774264237605408,-0.226476890841397,217.01480528836018
2023-11-29 04:10:47,12.864403105,77.434996336,686.7972,20.23198877268514,-0.5422754649202695,218.8010414357959
2023-11-29 04:10:48,12.864262556,77.434879092,687.1828,20.144021973418624,-0.08796679926651407,219.11967281081814
2023-11-29 04:10:49,12.864122593,77.434768124,688.0473,19.670238347206098,-0.47378362621252634,217.70182214174181
2023-11-29 04:10:50,12.863984743,77.434663422,686.7692,19.07300702342556,-0.5972313237805373,216.51893039955567
2023-11-29 04:10:51,12.863853874,77.434548002,686.7033,19.191404390680603,0.11839736725504224,220.6894531567343
2023-11-29 04:10:52,12.863719059,77.434445724,686.7494,18.64542816464658,-0.5459762260340213,216.48715263666892
2023-11-29 04:10:53,12.863589856,77.434334757,684.8141,18.737834620404364,0.09240645575778217,219.9395409275329
2023-11-29 04:10:54,12.863460075,77.434248092,687.7823,17.219662456918243,-1.5181721634861205,213.0649270455103
2023-11-29 04:10:55,12.863332597,77.434134979,687.3027,18.74254918422013,1.5228867273018878,220.86130993009806
2023-11-29 04:10:56,12.863200874,77.434041037,687.8181,17.839304985179496,-0.9032441990406355,214.8101493775815
2023-11-29 04:10:57,12.863068486,77.433938583,687.4734,18.44065600561425,0.6013510204347554,217.03349846155513
2023-11-29 04:10:58,12.86295113,77.433837279,689.2491,17.05540305998587,-1.3852529456283804,220.08254153780672
2023-11-29 04:10:59,12.862822609,77.433727177,688.3791,18.619530019816835,1.5641269598309648,219.86820274803318
2023-11-29 04:11:00,12.862699673,77.433626188,689.0372,17.51332659354396,-1.1062034262728737,218.68992774569028
2023-11-29 04:11:01,12.862568366,77.433518404,687.7444,18.70032693415825,1.18700034061429,218.66879382889894
2023-11-29 04:11:02,12.862441015,77.433416425,688.0241,17.96499298032207,-0.7353339538361823,217.97836575835527
2023-11-29 04:11:03,12.862314392,77.433318635,688.6434,17.62444057779312,-0.34055240252894947,216.97660846054433
2023-11-29 04:11:04,12.862191606,77.433217081,688.5193,17.538705271787776,-0.0857353060053434,218.88022265451002
2023-11-29 04:11:05,12.862072829,77.433116842,688.5784,17.103040486386494,-0.43566478540128273,219.44587364392757
2023-11-29 04:11:06,12.861940884,77.433015042,688.4684,18.358682965833616,1.255642479447122,216.94958360518305
2023-11-29 04:11:07,12.861824433,77.432930263,688.8024,15.878761721138467,-2.4799212446951486,215.36548402083045
2023-11-29 04:11:08,12.861721931,77.432843538,688.5993,14.774790930010097,-1.1039707911283703,219.51762277102344
2023-11-29 04:11:09,12.861625754,77.432768568,689.289,13.432062274244164,-1.3427286557659333,217.2327676627519
2023-11-29 04:11:10,12.861535373,77.432697357,687.8869,12.67254751902695,-0.7595147552172143,217.5289579216271
2023-11-29 04:11:11,12.861442625,77.432640391,687.807,12.020642483028917,-0.6519050359980323,210.91285330904753
2023-11-29 04:11:12,12.861372526,77.432586215,686.5229,9.75952230846926,-2.2611201745596574,216.99657126136086
2023-11-29 04:11:13,12.86128656,77.432530605,685.0212,11.301147830430288,1.5416255219610289,212.23776743812365
2023-11-29 04:11:14,12.861208331,77.432489965,686.3435,9.750694664265334,-1.5504531661649548,206.86072271559974
2023-11-29 04:11:15,12.861127716,77.432439368,687.642,10.508946538788376,0.758251874523042,211.46211667833222
2023-11-29 04:11:16,12.86105707,77.432394504,686.6828,9.239162124028496,-1.2697844147598794,211.7625570585339
2023-11-29 04:11:17,12.860979293,77.432354371,687.4088,9.681061951738341,0.44189982770984493,206.70495593311222
2023-11-29 04:11:18,12.860904793,77.432310669,687.6342,9.543020312195582,-0.1380416395427595,209.76472521270554
2023-11-29 04:11:19,12.860843807,77.432262673,688.3644,8.547395874238664,-0.9956244379569181,217.49748665160695
2023-11-29 04:11:20,12.860776633,77.432217747,687.1717,8.916901479852486,0.3695056056138224,213.1052671815954
2023-11-29 04:11:21,12.860720451,77.432187253,687.1276,7.067863059702681,-1.849038420149805,207.88581295098
2023-11-29 04:11:22,12.860667157,77.432159193,685.1279,6.661129371649354,-0.4067336880533272,207.17167093398425
2023-11-29 04:11:23,12.860614884,77.432135165,684.9485,6.3694492875675675,-0.29168008408178636,204.1387148918165
2023-11-29 04:11:24,12.860583772,77.432120448,686.7044,3.809649805665573,-2.5597994819019942,204.757577061567
2023-11-29 04:11:25,12.860542545,77.432100904,687.0074,5.050147724176083,1.2404979185105094,204.8047926688327
2023-11-29 04:11:26,12.860505079,77.432083524,686.2986,4.572263089040953,-0.4778846351351298,204.33488902614192
2023-11-29 04:11:27,12.860481217,77.43206413,685.9471,3.3853122997504137,-1.186950789290539,218.39220214447064
2023-11-29 04:11:28,12.860458054,77.432044067,686.2355,3.3710722091248435,-0.01424009062557019,220.17902357327256
2023-11-29 04:11:29,12.860465584,77.432039239,687.0501,0.9874191557023992,-2.383653053422444,327.99111713254797
2023-11-29 04:11:30,12.860461599,77.432044204,687.5165,0.6971683416656214,-0.2902508140367779,129.46360316325485
2023-11-29 04:11:31,12.860452263,77.432042528,686.6845,1.0538951286938965,0.3567267870282751,189.92718417213482
2023-11-29 04:11:32,12.860457273,77.432045078,687.0287,0.6219014246016159,-0.43199370409228055,26.391262124035393
2023-11-29 04:11:33,12.860458192,77.432041015,687.3468,0.45215081564707027,-0.16975060895454563,283.0619562798965
2023-11-29 04:11:34,12.860458074,77.432050219,687.8741,0.9978514660502088,0.5457006504031385,90.75341738771465
2023-11-29 04:11:35,12.860459715,77.432043502,686.8477,0.7506752057838334,-0.2471762602663754,284.0681407287974
2023-11-29 04:11:36,12.860457434,77.432042145,686.9505,0.2932086740573084,-0.457466531726525,210.11335181000442
2023-11-29 04:11:37,12.860460222,77.43204632,687.7113,0.5485871771922026,0.25537850313489424,55.59015082173647
2023-11-29 04:11:38,12.860456797,77.43204325,686.482,0.5057671508112358,-0.042820026380966825,221.14908762822017
2023-11-29 04:11:39,12.860458748,77.43204311,687.2386,0.21747152293621286,-0.28829562787502294,355.99822006611157
2023-11-29 04:11:40,12.860466191,77.432049481,687.974,1.0779432024594466,0.8604716795232338,39.84499771378108
2023-11-29 04:11:41,12.860459673,77.43204304,686.8545,1.0063941640519782,-0.0715490384074684,223.93200430897716
2023-11-29 04:11:42,12.860459335,77.432045322,686.9145,0.25022030265704115,-0.7561738613949371,98.63870107578634
2023-11-29 04:11:43,12.860461325,77.432038501,685.6803,0.7718338446232281,0.5216135419661869,286.659961862828
2023-11-29 04:11:44,12.860457378,77.432041858,686.5623,0.570137951126273,-0.20169589349695516,140.33501584238843
2023-11-29 04:11:45,12.860457225,77.432045094,685.5598,0.35121283565368905,-0.21892511547258392,92.77650588008845
2023-11-29 04:11:46,12.860467656,77.432048142,686.7986,1.2060206909934306,0.8548078553397416,15.900977455349334
2023-11-29 04:11:47,12.860460871,77.432043597,686.7816,0.9010898629986092,-0.3049308279948214,213.14680874999306
